date,lat,lon,Chlorophyll
2020-05-13,37.04854352647834,-118.21312607724536,0.5015105740181269
2020-05-13,37.04854352647834,-118.21267691960328,0.6269430051813472
2020-05-13,37.04854352647834,-118.21222776196124,0.6796116504854369
2020-05-13,37.04854352647834,-118.21177860431916,1.3075907590759075
2020-05-13,37.0489926841204,-118.21402439252948,0.6729559748427673
2020-05-13,37.0489926841204,-118.2135752348874,0.42127659574468085
2020-05-13,37.0489926841204,-118.21312607724536,0.4053030303030303
2020-05-13,37.0489926841204,-118.21267691960328,0.35125448028673834
2020-05-13,37.0489926841204,-118.21222776196124,0.34534534534534533
2020-05-13,37.0489926841204,-118.21177860431916,1.6458072590738424
2020-05-13,37.04944184176246,-118.2149227078136,0.26804123711340205
2020-05-13,37.04944184176246,-118.21447355017152,0.25748502994011974
2020-05-13,37.04944184176246,-118.21402439252948,0.32
2020-05-13,37.04944184176246,-118.2135752348874,0.39634146341463417
2020-05-13,37.04944184176246,-118.21312607724536,0.37055837563451777
2020-05-13,37.04944184176246,-118.21267691960328,0.27014218009478674
2020-05-13,37.04944184176246,-118.21222776196124,0.3438914027149321
2020-05-13,37.04944184176246,-118.21177860431916,0.4809384164222874
2020-05-13,37.04944184176246,-118.21132944667713,2.580607476635514
2020-05-13,37.04989099940452,-118.2158210230977,0.3155080213903743
2020-05-13,37.04989099940452,-118.21537186545564,0.14606741573033707
2020-05-13,37.04989099940452,-118.2149227078136,0.12101910828025478
2020-05-13,37.04989099940452,-118.21447355017152,0.18493150684931506
2020-05-13,37.04989099940452,-118.21402439252948,0.2751677852348993
2020-05-13,37.04989099940452,-118.2135752348874,0.30177514792899407
2020-05-13,37.04989099940452,-118.21312607724536,0.35051546391752575
2020-05-13,37.04989099940452,-118.21267691960328,0.3406113537117904
2020-05-13,37.04989099940452,-118.21222776196124,0.34108527131782945
2020-05-13,37.04989099940452,-118.21177860431916,0.45325779036827196
2020-05-13,37.04989099940452,-118.21132944667713,2.428738317757009
2020-05-13,37.05034015704658,-118.21671933838182,0.6219931271477663
2020-05-13,37.05034015704658,-118.21627018073976,0.25139664804469275
2020-05-13,37.05034015704658,-118.2158210230977,0.11875
2020-05-13,37.05034015704658,-118.21537186545564,0.052980132450331126
2020-05-13,37.05034015704658,-118.2149227078136,0.04929577464788732
2020-05-13,37.05034015704658,-118.21447355017152,0.07586206896551724
2020-05-13,37.05034015704658,-118.21402439252948,0.1780821917808219
2020-05-13,37.05034015704658,-118.2135752348874,0.2621951219512195
2020-05-13,37.05034015704658,-118.21312607724536,0.32057416267942584
2020-05-13,37.05034015704658,-118.21267691960328,0.35714285714285715
2020-05-13,37.05034015704658,-118.21222776196124,0.3240418118466899
2020-05-13,37.05034015704658,-118.21177860431916,0.4942528735632184
2020-05-13,37.05034015704658,-118.21132944667713,2.076923076923077
2020-05-13,37.05078931468864,-118.21761765366594,0.9381443298969072
2020-05-13,37.05078931468864,-118.21716849602387,0.3671497584541063
2020-05-13,37.05078931468864,-118.21671933838182,0.22162162162162163
2020-05-13,37.05078931468864,-118.21627018073976,0.14201183431952663
2020-05-13,37.05078931468864,-118.2158210230977,0.04487179487179487
2020-05-13,37.05078931468864,-118.21537186545564,0.02040816326530612
2020-05-13,37.05078931468864,-118.2149227078136,0.013245033112582781
2020-05-13,37.05078931468864,-118.21447355017152,0.03289473684210526
2020-05-13,37.05078931468864,-118.21402439252948,0.09523809523809523
2020-05-13,37.05078931468864,-118.2135752348874,0.21301775147928995
2020-05-13,37.05078931468864,-118.21312607724536,0.32710280373831774
2020-05-13,37.05078931468864,-118.21267691960328,0.29707112970711297
2020-05-13,37.05078931468864,-118.21222776196124,0.32432432432432434
2020-05-13,37.05078931468864,-118.21177860431916,0.6961722488038278
2020-05-13,37.05078931468864,-118.21132944667713,1.913728432108027
2020-05-13,37.051238472330695,-118.21851596895006,0.3080568720379147
2020-05-13,37.051238472330695,-118.218066811308,0.2436548223350254
2020-05-13,37.051238472330695,-118.21761765366594,0.14516129032258066
2020-05-13,37.051238472330695,-118.21716849602387,0.1092896174863388
2020-05-13,37.051238472330695,-118.21671933838182,0.09550561797752809
2020-05-13,37.051238472330695,-118.21627018073976,0.058823529411764705
2020-05-13,37.051238472330695,-118.2158210230977,0.024539877300613498
2020-05-13,37.051238472330695,-118.21537186545564,0.018292682926829267
2020-05-13,37.051238472330695,-118.2149227078136,0.03205128205128205
2020-05-13,37.051238472330695,-118.21447355017152,0.07051282051282051
2020-05-13,37.051238472330695,-118.21402439252948,0.13855421686746988
2020-05-13,37.051238472330695,-118.2135752348874,0.1744186046511628
2020-05-13,37.051238472330695,-118.21312607724536,0.18407960199004975
2020-05-13,37.051238472330695,-118.21267691960328,0.24888888888888888
2020-05-13,37.051238472330695,-118.21222776196124,0.3344370860927152
2020-05-13,37.051238472330695,-118.21177860431916,1.6852678571428572
2020-05-13,37.051687629972754,-118.2194142842342,0.5105633802816901
2020-05-13,37.051687629972754,-118.21896512659212,0.21904761904761905
2020-05-13,37.051687629972754,-118.21851596895006,0.1414141414141414
2020-05-13,37.051687629972754,-118.218066811308,0.10416666666666667
2020-05-13,37.051687629972754,-118.21761765366594,0.046632124352331605
2020-05-13,37.051687629972754,-118.21716849602387,0.04864864864864865
2020-05-13,37.051687629972754,-118.21671933838182,0.06557377049180328
2020-05-13,37.051687629972754,-118.21627018073976,0.034482758620689655
2020-05-13,37.051687629972754,-118.2158210230977,0.011764705882352941
2020-05-13,37.051687629972754,-118.21537186545564,0.023668639053254437
2020-05-13,37.051687629972754,-118.2149227078136,0.05732484076433121
2020-05-13,37.051687629972754,-118.21447355017152,0.10126582278481013
2020-05-13,37.051687629972754,-118.21402439252948,0.11976047904191617
2020-05-13,37.051687629972754,-118.2135752348874,0.1564245810055866
2020-05-13,37.051687629972754,-118.21312607724536,0.20689655172413793
2020-05-13,37.051687629972754,-118.21267691960328,0.26406926406926406
2020-05-13,37.051687629972754,-118.21222776196124,0.45217391304347826
2020-05-13,37.051687629972754,-118.21177860431916,1.6399394856278366
2020-05-13,37.05213678761481,-118.22031259951832,0.837160751565762
2020-05-13,37.05213678761481,-118.21986344187624,0.3004484304932735
2020-05-13,37.05213678761481,-118.2194142842342,0.1778846153846154
2020-05-13,37.05213678761481,-118.21896512659212,0.12060301507537688
2020-05-13,37.05213678761481,-118.21851596895006,0.09090909090909091
2020-05-13,37.05213678761481,-118.218066811308,0.06153846153846154
2020-05-13,37.05213678761481,-118.21761765366594,0.020833333333333332
2020-05-13,37.05213678761481,-118.21716849602387,0.07291666666666667
2020-05-13,37.05213678761481,-118.21671933838182,0.13793103448275862
2020-05-13,37.05213678761481,-118.21627018073976,0.041666666666666664
2020-05-13,37.05213678761481,-118.2158210230977,0.011494252873563218
2020-05-13,37.05213678761481,-118.21537186545564,0.022988505747126436
2020-05-13,37.05213678761481,-118.2149227078136,0.09876543209876543
2020-05-13,37.05213678761481,-118.21447355017152,0.11585365853658537
2020-05-13,37.05213678761481,-118.21402439252948,0.14689265536723164
2020-05-13,37.05213678761481,-118.2135752348874,0.14736842105263157
2020-05-13,37.05213678761481,-118.21312607724536,0.2087378640776699
2020-05-13,37.05213678761481,-118.21267691960328,0.29957805907172996
2020-05-13,37.05213678761481,-118.21222776196124,1.2727272727272727
2020-05-13,37.05258594525687,-118.22121091480244,0.2693877551020408
2020-05-13,37.05258594525687,-118.22076175716036,0.22072072072072071
2020-05-13,37.05258594525687,-118.22031259951832,0.15023474178403756
2020-05-13,37.05258594525687,-118.21986344187624,0.13131313131313133
2020-05-13,37.05258594525687,-118.2194142842342,0.07894736842105263
2020-05-13,37.05258594525687,-118.21896512659212,0.015873015873015872
2020-05-13,37.05258594525687,-118.21851596895006,0.015625
2020-05-13,37.05258594525687,-118.218066811308,0.02
2020-05-13,37.05258594525687,-118.21761765366594,0.01990049751243781
2020-05-13,37.05258594525687,-118.21716849602387,0.09178743961352658
2020-05-13,37.05258594525687,-118.21671933838182,0.14009661835748793
2020-05-13,37.05258594525687,-118.21627018073976,0.07103825136612021
2020-05-13,37.05258594525687,-118.2158210230977,0.005988023952095809
2020-05-13,37.05258594525687,-118.21537186545564,0.0446927374301676
2020-05-13,37.05258594525687,-118.2149227078136,0.11834319526627218
2020-05-13,37.05258594525687,-118.21447355017152,0.12790697674418605
2020-05-13,37.05258594525687,-118.21402439252948,0.1111111111111111
2020-05-13,37.05258594525687,-118.2135752348874,0.16756756756756758
2020-05-13,37.05258594525687,-118.21312607724536,0.2639593908629442
2020-05-13,37.05258594525687,-118.21267691960328,0.3625
2020-05-13,37.05258594525687,-118.21222776196124,1.5469107551487413
2020-05-13,37.05303510289893,-118.22210923008656,0.5209125475285171
2020-05-13,37.05303510289893,-118.22166007244448,0.2465753424657534
2020-05-13,37.05303510289893,-118.22121091480244,0.18779342723004694
2020-05-13,37.05303510289893,-118.22076175716036,0.11764705882352941
2020-05-13,37.05303510289893,-118.22031259951832,0.10576923076923077
2020-05-13,37.05303510289893,-118.21986344187624,0.09326424870466321
2020-05-13,37.05303510289893,-118.2194142842342,0.037037037037037035
2020-05-13,37.05303510289893,-118.21896512659212,0.0053475935828877
2020-05-13,37.05303510289893,-118.21851596895006,0.010638297872340425
2020-05-13,37.05303510289893,-118.218066811308,0.01485148514851485
2020-05-13,37.05303510289893,-118.21761765366594,0.02843601895734597
2020-05-13,37.05303510289893,-118.21716849602387,0.023696682464454975
2020-05-13,37.05303510289893,-118.21671933838182,0.05527638190954774
2020-05-13,37.05303510289893,-118.21627018073976,0.07614213197969544
2020-05-13,37.05303510289893,-118.2158210230977,0.09424083769633508
2020-05-13,37.05303510289893,-118.21537186545564,0.11891891891891893
2020-05-13,37.05303510289893,-118.2149227078136,0.1276595744680851
2020-05-13,37.05303510289893,-118.21447355017152,0.14583333333333334
2020-05-13,37.05303510289893,-118.21402439252948,0.15979381443298968
2020-05-13,37.05303510289893,-118.2135752348874,0.1691542288557214
2020-05-13,37.05303510289893,-118.21312607724536,0.23766816143497757
2020-05-13,37.05303510289893,-118.21267691960328,0.6056782334384858
2020-05-13,37.05303510289893,-118.21222776196124,3.0106382978723403
2020-05-13,37.053484260541,-118.22300754537066,0.801452784503632
2020-05-13,37.053484260541,-118.2225583877286,0.3181818181818182
2020-05-13,37.053484260541,-118.22210923008656,0.2583732057416268
2020-05-13,37.053484260541,-118.22166007244448,0.22388059701492538
2020-05-13,37.053484260541,-118.22121091480244,0.1657754010695187
2020-05-13,37.053484260541,-118.22076175716036,0.09359605911330049
2020-05-13,37.053484260541,-118.22031259951832,0.06190476190476191
2020-05-13,37.053484260541,-118.21986344187624,0.020100502512562814
2020-05-13,37.053484260541,-118.2194142842342,0.015957446808510637
2020-05-13,37.053484260541,-118.21896512659212,0.010752688172043012
2020-05-13,37.053484260541,-118.21851596895006,0.015384615384615385
2020-05-13,37.053484260541,-118.218066811308,0.014634146341463415
2020-05-13,37.053484260541,-118.21761765366594,0.0392156862745098
2020-05-13,37.053484260541,-118.21716849602387,0.03827751196172249
2020-05-13,37.053484260541,-118.21671933838182,0.04926108374384237
2020-05-13,37.053484260541,-118.21627018073976,0.061224489795918366
2020-05-13,37.053484260541,-118.2158210230977,0.08854166666666667
2020-05-13,37.053484260541,-118.21537186545564,0.12953367875647667
2020-05-13,37.053484260541,-118.2149227078136,0.16489361702127658
2020-05-13,37.053484260541,-118.21447355017152,0.165
2020-05-13,37.053484260541,-118.21402439252948,0.17258883248730963
2020-05-13,37.053484260541,-118.2135752348874,0.20772946859903382
2020-05-13,37.053484260541,-118.21312607724536,0.3073770491803279
2020-05-13,37.053484260541,-118.21267691960328,2.25
2020-05-13,37.05393341818306,-118.22390586065478,1.025531914893617
2020-05-13,37.05393341818306,-118.22345670301272,0.4578313253012048
2020-05-13,37.05393341818306,-118.22300754537066,0.2350230414746544
2020-05-13,37.05393341818306,-118.2225583877286,0.19907407407407407
2020-05-13,37.05393341818306,-118.22210923008656,0.18811881188118812
2020-05-13,37.05393341818306,-118.22166007244448,0.16145833333333334
2020-05-13,37.05393341818306,-118.22121091480244,0.11702127659574468
2020-05-13,37.05393341818306,-118.22076175716036,0.08021390374331551
2020-05-13,37.05393341818306,-118.22031259951832,0.05
2020-05-13,37.05393341818306,-118.21986344187624,0.030456852791878174
2020-05-13,37.05393341818306,-118.2194142842342,0.026041666666666668
2020-05-13,37.05393341818306,-118.21896512659212,0.015957446808510637
2020-05-13,37.05393341818306,-118.21851596895006,0.015625
2020-05-13,37.05393341818306,-118.218066811308,0.015463917525773196
2020-05-13,37.05393341818306,-118.21761765366594,0.03482587064676617
2020-05-13,37.05393341818306,-118.21716849602387,0.0392156862745098
2020-05-13,37.05393341818306,-118.21671933838182,0.0594059405940594
2020-05-13,37.05393341818306,-118.21627018073976,0.08
2020-05-13,37.05393341818306,-118.2158210230977,0.11398963730569948
2020-05-13,37.05393341818306,-118.21537186545564,0.171875
2020-05-13,37.05393341818306,-118.2149227078136,0.17801047120418848
2020-05-13,37.05393341818306,-118.21447355017152,0.175
2020-05-13,37.05393341818306,-118.21402439252948,0.1902439024390244
2020-05-13,37.05393341818306,-118.2135752348874,0.215311004784689
2020-05-13,37.05393341818306,-118.21312607724536,0.3643410852713178
2020-05-13,37.05393341818306,-118.21267691960328,3.508695652173913
2020-05-13,37.05438257582512,-118.2248041759389,0.4315352697095436
2020-05-13,37.05438257582512,-118.22435501829683,0.25
2020-05-13,37.05438257582512,-118.22390586065478,0.19806763285024154
2020-05-13,37.05438257582512,-118.22345670301272,0.1761904761904762
2020-05-13,37.05438257582512,-118.22300754537066,0.14150943396226415
2020-05-13,37.05438257582512,-118.2225583877286,0.14691943127962084
2020-05-13,37.05438257582512,-118.22210923008656,0.16748768472906403
2020-05-13,37.05438257582512,-118.22166007244448,0.13106796116504854
2020-05-13,37.05438257582512,-118.22121091480244,0.08121827411167512
2020-05-13,37.05438257582512,-118.22076175716036,0.0625
2020-05-13,37.05438257582512,-118.22031259951832,0.03825136612021858
2020-05-13,37.05438257582512,-118.21986344187624,0.03571428571428571
2020-05-13,37.05438257582512,-118.2194142842342,0.035175879396984924
2020-05-13,37.05438257582512,-118.21896512659212,0.03260869565217391
2020-05-13,37.05438257582512,-118.21851596895006,0.01092896174863388
2020-05-13,37.05438257582512,-118.218066811308,0.0106951871657754
2020-05-13,37.05438257582512,-118.21761765366594,0.02030456852791878
2020-05-13,37.05438257582512,-118.21716849602387,0.04854368932038835
2020-05-13,37.05438257582512,-118.21671933838182,0.05555555555555555
2020-05-13,37.05438257582512,-118.21627018073976,0.0891089108910891
2020-05-13,37.05438257582512,-118.2158210230977,0.135
2020-05-13,37.05438257582512,-118.21537186545564,0.17553191489361702
2020-05-13,37.05438257582512,-118.2149227078136,0.17553191489361702
2020-05-13,37.05438257582512,-118.21447355017152,0.16666666666666666
2020-05-13,37.05438257582512,-118.21402439252948,0.19230769230769232
2020-05-13,37.05438257582512,-118.2135752348874,0.24651162790697675
2020-05-13,37.05438257582512,-118.21312607724536,0.3510204081632653
2020-05-13,37.05438257582512,-118.21267691960328,2.111607142857143
2020-05-13,37.054831733467175,-118.22570249122302,0.8062015503875969
2020-05-13,37.054831733467175,-118.22525333358097,0.3087557603686636
2020-05-13,37.054831733467175,-118.2248041759389,0.23414634146341465
2020-05-13,37.054831733467175,-118.22435501829683,0.17142857142857143
2020-05-13,37.054831733467175,-118.22390586065478,0.17535545023696683
2020-05-13,37.054831733467175,-118.22345670301272,0.15492957746478872
2020-05-13,37.054831733467175,-118.22300754537066,0.15813953488372093
2020-05-13,37.054831733467175,-118.2225583877286,0.16019417475728157
2020-05-13,37.054831733467175,-118.22210923008656,0.15422885572139303
2020-05-13,37.054831733467175,-118.22166007244448,0.11428571428571428
2020-05-13,37.054831733467175,-118.22121091480244,0.085
2020-05-13,37.054831733467175,-118.22076175716036,0.07575757575757576
2020-05-13,37.054831733467175,-118.22031259951832,0.060109289617486336
2020-05-13,37.054831733467175,-118.21986344187624,0.05434782608695652
2020-05-13,37.054831733467175,-118.2194142842342,0.04918032786885246
2020-05-13,37.054831733467175,-118.21896512659212,0.041176470588235294
2020-05-13,37.054831733467175,-118.21851596895006,0.029411764705882353
2020-05-13,37.054831733467175,-118.218066811308,0.022598870056497175
2020-05-13,37.054831733467175,-118.21761765366594,0.027472527472527472
2020-05-13,37.054831733467175,-118.21716849602387,0.07446808510638298
2020-05-13,37.054831733467175,-118.21671933838182,0.10270270270270271
2020-05-13,37.054831733467175,-118.21627018073976,0.15591397849462366
2020-05-13,37.054831733467175,-118.2158210230977,0.171875
2020-05-13,37.054831733467175,-118.21537186545564,0.20212765957446807
2020-05-13,37.054831733467175,-118.2149227078136,0.19473684210526315
2020-05-13,37.054831733467175,-118.21447355017152,0.20103092783505155
2020-05-13,37.054831733467175,-118.21402439252948,0.20952380952380953
2020-05-13,37.054831733467175,-118.2135752348874,0.29949238578680204
2020-05-13,37.054831733467175,-118.21312607724536,0.38392857142857145
2020-05-13,37.054831733467175,-118.21267691960328,1.8251121076233183
2020-05-13,37.055280891109234,-118.22660080650714,1.0292887029288702
2020-05-13,37.055280891109234,-118.22615164886508,0.46825396825396826
2020-05-13,37.055280891109234,-118.22570249122302,0.2570093457943925
2020-05-13,37.055280891109234,-118.22525333358097,0.1990521327014218
2020-05-13,37.055280891109234,-118.2248041759389,0.18309859154929578
2020-05-13,37.055280891109234,-118.22435501829683,0.1895734597156398
2020-05-13,37.055280891109234,-118.22390586065478,0.1712962962962963
2020-05-13,37.055280891109234,-118.22345670301272,0.17333333333333334
2020-05-13,37.055280891109234,-118.22300754537066,0.16744186046511628
2020-05-13,37.055280891109234,-118.2225583877286,0.14423076923076922
2020-05-13,37.055280891109234,-118.22210923008656,0.1407766990291262
2020-05-13,37.055280891109234,-118.22166007244448,0.1024390243902439
2020-05-13,37.055280891109234,-118.22121091480244,0.1024390243902439
2020-05-13,37.055280891109234,-118.22076175716036,0.0891089108910891
2020-05-13,37.055280891109234,-118.22031259951832,0.07368421052631578
2020-05-13,37.055280891109234,-118.21986344187624,0.0755813953488372
2020-05-13,37.055280891109234,-118.2194142842342,0.055248618784530384
2020-05-13,37.055280891109234,-118.21896512659212,0.0625
2020-05-13,37.055280891109234,-118.21851596895006,0.03773584905660377
2020-05-13,37.055280891109234,-118.218066811308,0.04
2020-05-13,37.055280891109234,-118.21761765366594,0.04395604395604396
2020-05-13,37.055280891109234,-118.21716849602387,0.09289617486338798
2020-05-13,37.055280891109234,-118.21671933838182,0.11458333333333333
2020-05-13,37.055280891109234,-118.21627018073976,0.1358695652173913
2020-05-13,37.055280891109234,-118.2158210230977,0.18421052631578946
2020-05-13,37.055280891109234,-118.21537186545564,0.19576719576719576
2020-05-13,37.055280891109234,-118.2149227078136,0.18518518518518517
2020-05-13,37.055280891109234,-118.21447355017152,0.19689119170984457
2020-05-13,37.055280891109234,-118.21402439252948,0.2315270935960591
2020-05-13,37.055280891109234,-118.2135752348874,0.30978260869565216
2020-05-13,37.055280891109234,-118.21312607724536,0.37815126050420167
2020-05-13,37.055280891109234,-118.21267691960328,2.6353944562899785
2020-05-13,37.05573004875129,-118.22749912179124,1.2503628447024673
2020-05-13,37.05573004875129,-118.2270499641492,0.8942953020134228
2020-05-13,37.05573004875129,-118.22660080650714,0.35714285714285715
2020-05-13,37.05573004875129,-118.22615164886508,0.26576576576576577
2020-05-13,37.05573004875129,-118.22570249122302,0.1963470319634703
2020-05-13,37.05573004875129,-118.22525333358097,0.1651376146788991
2020-05-13,37.05573004875129,-118.2248041759389,0.17889908256880735
2020-05-13,37.05573004875129,-118.22435501829683,0.16517857142857142
2020-05-13,37.05573004875129,-118.22390586065478,0.14847161572052403
2020-05-13,37.05573004875129,-118.22345670301272,0.18181818181818182
2020-05-13,37.05573004875129,-118.22300754537066,0.1792452830188679
2020-05-13,37.05573004875129,-118.2225583877286,0.14218009478672985
2020-05-13,37.05573004875129,-118.22210923008656,0.11764705882352941
2020-05-13,37.05573004875129,-118.22166007244448,0.10377358490566038
2020-05-13,37.05573004875129,-118.22121091480244,0.0947867298578199
2020-05-13,37.05573004875129,-118.22076175716036,0.08571428571428572
2020-05-13,37.05573004875129,-118.22031259951832,0.09268292682926829
2020-05-13,37.05573004875129,-118.21986344187624,0.1111111111111111
2020-05-13,37.05573004875129,-118.2194142842342,0.06315789473684211
2020-05-13,37.05573004875129,-118.21896512659212,0.08125
2020-05-13,37.05573004875129,-118.21851596895006,0.046052631578947366
2020-05-13,37.05573004875129,-118.218066811308,0.025157232704402517
2020-05-13,37.05573004875129,-118.21761765366594,0.07100591715976332
2020-05-13,37.05573004875129,-118.21716849602387,0.11475409836065574
2020-05-13,37.05573004875129,-118.21671933838182,0.11794871794871795
2020-05-13,37.05573004875129,-118.21627018073976,0.12299465240641712
2020-05-13,37.05573004875129,-118.2158210230977,0.1925133689839572
2020-05-13,37.05573004875129,-118.21537186545564,0.20833333333333334
2020-05-13,37.05573004875129,-118.2149227078136,0.2247191011235955
2020-05-13,37.05573004875129,-118.21447355017152,0.25
2020-05-13,37.05573004875129,-118.21402439252948,0.3005464480874317
2020-05-13,37.05573004875129,-118.2135752348874,0.31521739130434784
2020-05-13,37.05573004875129,-118.21312607724536,0.3418803418803419
2020-05-13,37.05573004875129,-118.21267691960328,1.636144578313253
2020-05-13,37.05617920639335,-118.22749912179124,0.3874538745387454
2020-05-13,37.05617920639335,-118.2270499641492,0.316
2020-05-13,37.05617920639335,-118.22660080650714,0.25311203319502074
2020-05-13,37.05617920639335,-118.22615164886508,0.2336065573770492
2020-05-13,37.05617920639335,-118.22570249122302,0.2134387351778656
2020-05-13,37.05617920639335,-118.22525333358097,0.1821705426356589
2020-05-13,37.05617920639335,-118.2248041759389,0.1596958174904943
2020-05-13,37.05617920639335,-118.22435501829683,0.17938931297709923
2020-05-13,37.05617920639335,-118.22390586065478,0.21621621621621623
2020-05-13,37.05617920639335,-118.22345670301272,0.19262295081967212
2020-05-13,37.05617920639335,-118.22300754537066,0.17872340425531916
2020-05-13,37.05617920639335,-118.2225583877286,0.1415929203539823
2020-05-13,37.05617920639335,-118.22210923008656,0.12037037037037036
2020-05-13,37.05617920639335,-118.22166007244448,0.09545454545454546
2020-05-13,37.05617920639335,-118.22121091480244,0.11555555555555555
2020-05-13,37.05617920639335,-118.22076175716036,0.12121212121212122
2020-05-13,37.05617920639335,-118.22031259951832,0.1210762331838565
2020-05-13,37.05617920639335,-118.21986344187624,0.12871287128712872
2020-05-13,37.05617920639335,-118.2194142842342,0.0893854748603352
2020-05-13,37.05617920639335,-118.21896512659212,0.11515151515151516
2020-05-13,37.05617920639335,-118.21851596895006,0.10666666666666667
2020-05-13,37.05617920639335,-118.218066811308,0.07947019867549669
2020-05-13,37.05617920639335,-118.21761765366594,0.11875
2020-05-13,37.05617920639335,-118.21716849602387,0.1488095238095238
2020-05-13,37.05617920639335,-118.21671933838182,0.16216216216216217
2020-05-13,37.05617920639335,-118.21627018073976,0.1787709497206704
2020-05-13,37.05617920639335,-118.2158210230977,0.2235294117647059
2020-05-13,37.05617920639335,-118.21537186545564,0.2430939226519337
2020-05-13,37.05617920639335,-118.2149227078136,0.3
2020-05-13,37.05617920639335,-118.21447355017152,0.2694610778443114
2020-05-13,37.05617920639335,-118.21402439252948,0.3192771084337349
2020-05-13,37.05617920639335,-118.2135752348874,0.3128491620111732
2020-05-13,37.05617920639335,-118.21312607724536,0.3744075829383886
2020-05-13,37.05617920639335,-118.21267691960328,1.20708446866485
2020-05-13,37.05662836403541,-118.22794827943332,1.2338568935427574
2020-05-13,37.05662836403541,-118.22749912179124,0.35471698113207545
2020-05-13,37.05662836403541,-118.2270499641492,0.30327868852459017
2020-05-13,37.05662836403541,-118.22660080650714,0.23553719008264462
2020-05-13,37.05662836403541,-118.22615164886508,0.2056451612903226
2020-05-13,37.05662836403541,-118.22570249122302,0.2
2020-05-13,37.05662836403541,-118.22525333358097,0.19330855018587362
2020-05-13,37.05662836403541,-118.2248041759389,0.18840579710144928
2020-05-13,37.05662836403541,-118.22435501829683,0.20212765957446807
2020-05-13,37.05662836403541,-118.22390586065478,0.1906474820143885
2020-05-13,37.05662836403541,-118.22345670301272,0.18587360594795538
2020-05-13,37.05662836403541,-118.22300754537066,0.1634980988593156
2020-05-13,37.05662836403541,-118.2225583877286,0.1553784860557769
2020-05-13,37.05662836403541,-118.22210923008656,0.13675213675213677
2020-05-13,37.05662836403541,-118.22166007244448,0.1091703056768559
2020-05-13,37.05662836403541,-118.22121091480244,0.13852813852813853
2020-05-13,37.05662836403541,-118.22076175716036,0.1271186440677966
2020-05-13,37.05662836403541,-118.22031259951832,0.12184873949579832
2020-05-13,37.05662836403541,-118.21986344187624,0.11587982832618025
2020-05-13,37.05662836403541,-118.2194142842342,0.13170731707317074
2020-05-13,37.05662836403541,-118.21896512659212,0.1744186046511628
2020-05-13,37.05662836403541,-118.21851596895006,0.20382165605095542
2020-05-13,37.05662836403541,-118.218066811308,0.1917808219178082
2020-05-13,37.05662836403541,-118.21761765366594,0.16993464052287582
2020-05-13,37.05662836403541,-118.21716849602387,0.18867924528301888
2020-05-13,37.05662836403541,-118.21671933838182,0.18823529411764706
2020-05-13,37.05662836403541,-118.21627018073976,0.22560975609756098
2020-05-13,37.05662836403541,-118.2158210230977,0.27586206896551724
2020-05-13,37.05662836403541,-118.21537186545564,0.35664335664335667
2020-05-13,37.05662836403541,-118.2149227078136,0.34782608695652173
2020-05-13,37.05662836403541,-118.21447355017152,0.2459016393442623
2020-05-13,37.05662836403541,-118.21402439252948,0.21266968325791855
2020-05-13,37.05662836403541,-118.2135752348874,0.3106796116504854
2020-05-13,37.05662836403541,-118.21312607724536,0.31983805668016196
2020-05-13,37.05662836403541,-118.21267691960328,2.2452316076294276
2020-05-13,37.05707752167747,-118.22794827943332,1.218232044198895
2020-05-13,37.05707752167747,-118.22749912179124,0.35271317829457366
2020-05-13,37.05707752167747,-118.2270499641492,0.28512396694214875
2020-05-13,37.05707752167747,-118.22660080650714,0.2157676348547718
2020-05-13,37.05707752167747,-118.22615164886508,0.20967741935483872
2020-05-13,37.05707752167747,-118.22570249122302,0.1976284584980237
2020-05-13,37.05707752167747,-118.22525333358097,0.2209737827715356
2020-05-13,37.05707752167747,-118.2248041759389,0.21660649819494585
2020-05-13,37.05707752167747,-118.22435501829683,0.21575342465753425
2020-05-13,37.05707752167747,-118.22390586065478,0.20134228187919462
2020-05-13,37.05707752167747,-118.22345670301272,0.18661971830985916
2020-05-13,37.05707752167747,-118.22300754537066,0.16607773851590105
2020-05-13,37.05707752167747,-118.2225583877286,0.15162454873646208
2020-05-13,37.05707752167747,-118.22210923008656,0.14671814671814673
2020-05-13,37.05707752167747,-118.22166007244448,0.13333333333333333
2020-05-13,37.05707752167747,-118.22121091480244,0.16593886462882096
2020-05-13,37.05707752167747,-118.22076175716036,0.1630901287553648
2020-05-13,37.05707752167747,-118.22031259951832,0.16049382716049382
2020-05-13,37.05707752167747,-118.21986344187624,0.14960629921259844
2020-05-13,37.05707752167747,-118.2194142842342,0.18055555555555555
2020-05-13,37.05707752167747,-118.21896512659212,0.21511627906976744
2020-05-13,37.05707752167747,-118.21851596895006,0.21656050955414013
2020-05-13,37.05707752167747,-118.218066811308,0.21052631578947367
2020-05-13,37.05707752167747,-118.21761765366594,0.19205298013245034
2020-05-13,37.05707752167747,-118.21716849602387,0.2534246575342466
2020-05-13,37.05707752167747,-118.21671933838182,0.23178807947019867
2020-05-13,37.05707752167747,-118.21627018073976,0.3333333333333333
2020-05-13,37.05707752167747,-118.2158210230977,0.3893129770992366
2020-05-13,37.05707752167747,-118.21537186545564,0.40131578947368424
2020-05-13,37.05707752167747,-118.2149227078136,0.35542168674698793
2020-05-13,37.05707752167747,-118.21447355017152,0.26373626373626374
2020-05-13,37.05707752167747,-118.21402439252948,0.3333333333333333
2020-05-13,37.05707752167747,-118.2135752348874,0.42857142857142855
2020-05-13,37.05707752167747,-118.21312607724536,0.34552845528455284
2020-05-13,37.05707752167747,-118.21267691960328,1.8005952380952381
2020-05-13,37.05752667931953,-118.22839743707536,2.833515881708653
2020-05-13,37.05752667931953,-118.22794827943332,1.0643086816720257
2020-05-13,37.05752667931953,-118.22749912179124,0.34099616858237547
2020-05-13,37.05752667931953,-118.2270499641492,0.248
2020-05-13,37.05752667931953,-118.22660080650714,0.24696356275303644
2020-05-13,37.05752667931953,-118.22615164886508,0.21705426356589147
2020-05-13,37.05752667931953,-118.22570249122302,0.2084942084942085
2020-05-13,37.05752667931953,-118.22525333358097,0.2196969696969697
2020-05-13,37.05752667931953,-118.2248041759389,0.22426470588235295
2020-05-13,37.05752667931953,-118.22435501829683,0.24113475177304963
2020-05-13,37.05752667931953,-118.22390586065478,0.2159468438538206
2020-05-13,37.05752667931953,-118.22345670301272,0.1986970684039088
2020-05-13,37.05752667931953,-118.22300754537066,0.17687074829931973
2020-05-13,37.05752667931953,-118.2225583877286,0.15807560137457044
2020-05-13,37.05752667931953,-118.22210923008656,0.14084507042253522
2020-05-13,37.05752667931953,-118.22166007244448,0.14007782101167315
2020-05-13,37.05752667931953,-118.22121091480244,0.17982456140350878
2020-05-13,37.05752667931953,-118.22076175716036,0.16738197424892703
2020-05-13,37.05752667931953,-118.22031259951832,0.2
2020-05-13,37.05752667931953,-118.21986344187624,0.21940928270042195
2020-05-13,37.05752667931953,-118.2194142842342,0.29743589743589743
2020-05-13,37.05752667931953,-118.21896512659212,0.29545454545454547
2020-05-13,37.05752667931953,-118.21851596895006,0.2621951219512195
2020-05-13,37.05752667931953,-118.218066811308,0.2073170731707317
2020-05-13,37.05752667931953,-118.21761765366594,0.2125
2020-05-13,37.05752667931953,-118.21716849602387,0.271523178807947
2020-05-13,37.05752667931953,-118.21671933838182,0.35074626865671643
2020-05-13,37.05752667931953,-118.21627018073976,0.42962962962962964
2020-05-13,37.05752667931953,-118.2158210230977,0.46621621621621623
2020-05-13,37.05752667931953,-118.21537186545564,0.2712765957446808
2020-05-13,37.05752667931953,-118.2149227078136,0.3641304347826087
2020-05-13,37.05752667931953,-118.21447355017152,0.5138888888888888
2020-05-13,37.05752667931953,-118.21402439252948,0.5384615384615384
2020-05-13,37.05752667931953,-118.2135752348874,0.5207100591715976
2020-05-13,37.05752667931953,-118.21312607724536,0.38427947598253276
2020-05-13,37.05752667931953,-118.21267691960328,0.8996655518394648
2020-05-13,37.05797583696159,-118.22839743707536,2.2490974729241877
2020-05-13,37.05797583696159,-118.22794827943332,0.4414715719063545
2020-05-13,37.05797583696159,-118.22749912179124,0.3017543859649123
2020-05-13,37.05797583696159,-118.2270499641492,0.27137546468401486
2020-05-13,37.05797583696159,-118.22660080650714,0.22568093385214008
2020-05-13,37.05797583696159,-118.22615164886508,0.2248062015503876
2020-05-13,37.05797583696159,-118.22570249122302,0.24806201550387597
2020-05-13,37.05797583696159,-118.22525333358097,0.2490566037735849
2020-05-13,37.05797583696159,-118.2248041759389,0.21611721611721613
2020-05-13,37.05797583696159,-118.22435501829683,0.22377622377622378
2020-05-13,37.05797583696159,-118.22390586065478,0.21885521885521886
2020-05-13,37.05797583696159,-118.22345670301272,0.20123839009287925
2020-05-13,37.05797583696159,-118.22300754537066,0.19808306709265175
2020-05-13,37.05797583696159,-118.2225583877286,0.20462046204620463
2020-05-13,37.05797583696159,-118.22210923008656,0.19801980198019803
2020-05-13,37.05797583696159,-118.22166007244448,0.19444444444444445
2020-05-13,37.05797583696159,-118.22121091480244,0.16862745098039217
2020-05-13,37.05797583696159,-118.22076175716036,0.17269076305220885
2020-05-13,37.05797583696159,-118.22031259951832,0.205761316872428
2020-05-13,37.05797583696159,-118.21986344187624,0.19004524886877827
2020-05-13,37.05797583696159,-118.2194142842342,0.2647058823529412
2020-05-13,37.05797583696159,-118.21896512659212,0.2777777777777778
2020-05-13,37.05797583696159,-118.21851596895006,0.23952095808383234
2020-05-13,37.05797583696159,-118.218066811308,0.20121951219512196
2020-05-13,37.05797583696159,-118.21761765366594,0.2222222222222222
2020-05-13,37.05797583696159,-118.21716849602387,0.2972972972972973
2020-05-13,37.05797583696159,-118.21671933838182,0.375886524822695
2020-05-13,37.05797583696159,-118.21627018073976,0.3333333333333333
2020-05-13,37.05797583696159,-118.2158210230977,0.2864583333333333
2020-05-13,37.05797583696159,-118.21537186545564,0.296875
2020-05-13,37.05797583696159,-118.2149227078136,0.2747747747747748
2020-05-13,37.05797583696159,-118.21447355017152,0.4101123595505618
2020-05-13,37.05797583696159,-118.21402439252948,0.5098039215686274
2020-05-13,37.05797583696159,-118.2135752348874,0.5276073619631901
2020-05-13,37.05797583696159,-118.21312607724536,0.37168141592920356
2020-05-13,37.05797583696159,-118.21267691960328,0.49808429118773945
2020-05-13,37.058424994603655,-118.22839743707536,1.306878306878307
2020-05-13,37.058424994603655,-118.22794827943332,0.40894568690095845
2020-05-13,37.058424994603655,-118.22749912179124,0.3010033444816054
2020-05-13,37.058424994603655,-118.2270499641492,0.24642857142857144
2020-05-13,37.058424994603655,-118.22660080650714,0.23018867924528302
2020-05-13,37.058424994603655,-118.22615164886508,0.22692307692307692
2020-05-13,37.058424994603655,-118.22570249122302,0.22957198443579765
2020-05-13,37.058424994603655,-118.22525333358097,0.2126865671641791
2020-05-13,37.058424994603655,-118.2248041759389,0.21223021582733814
2020-05-13,37.058424994603655,-118.22435501829683,0.2181208053691275
2020-05-13,37.058424994603655,-118.22390586065478,0.2138364779874214
2020-05-13,37.058424994603655,-118.22345670301272,0.20426829268292682
2020-05-13,37.058424994603655,-118.22300754537066,0.20123839009287925
2020-05-13,37.058424994603655,-118.2225583877286,0.20376175548589343
2020-05-13,37.058424994603655,-118.22210923008656,0.20952380952380953
2020-05-13,37.058424994603655,-118.22166007244448,0.19256756756756757
2020-05-13,37.058424994603655,-118.22121091480244,0.16544117647058823
2020-05-13,37.058424994603655,-118.22076175716036,0.16153846153846155
2020-05-13,37.058424994603655,-118.22031259951832,0.211864406779661
2020-05-13,37.058424994603655,-118.21986344187624,0.24311926605504589
2020-05-13,37.058424994603655,-118.2194142842342,0.23529411764705882
2020-05-13,37.058424994603655,-118.21896512659212,0.2391304347826087
2020-05-13,37.058424994603655,-118.21851596895006,0.26285714285714284
2020-05-13,37.058424994603655,-118.218066811308,0.30434782608695654
2020-05-13,37.058424994603655,-118.21761765366594,0.275
2020-05-13,37.058424994603655,-118.21716849602387,0.25925925925925924
2020-05-13,37.058424994603655,-118.21671933838182,0.18274111675126903
2020-05-13,37.058424994603655,-118.21627018073976,0.18636363636363637
2020-05-13,37.058424994603655,-118.2158210230977,0.2317596566523605
2020-05-13,37.058424994603655,-118.21537186545564,0.2831050228310502
2020-05-13,37.058424994603655,-118.2149227078136,0.3125
2020-05-13,37.058424994603655,-118.21447355017152,0.2719298245614035
2020-05-13,37.058424994603655,-118.21402439252948,0.3302752293577982
2020-05-13,37.058424994603655,-118.2135752348874,0.34841628959276016
2020-05-13,37.058424994603655,-118.21312607724536,0.3920704845814978
2020-05-13,37.058424994603655,-118.21267691960328,0.5066225165562914
2020-05-13,37.058874152245714,-118.22884659471744,2.2327113062568604
2020-05-13,37.058874152245714,-118.22839743707536,0.5971428571428572
2020-05-13,37.058874152245714,-118.22794827943332,0.4221556886227545
2020-05-13,37.058874152245714,-118.22749912179124,0.3113207547169811
2020-05-13,37.058874152245714,-118.2270499641492,0.27017543859649124
2020-05-13,37.058874152245714,-118.22660080650714,0.24452554744525548
2020-05-13,37.058874152245714,-118.22615164886508,0.22426470588235295
2020-05-13,37.058874152245714,-118.22570249122302,0.2076923076923077
2020-05-13,37.058874152245714,-118.22525333358097,0.20833333333333334
2020-05-13,37.058874152245714,-118.2248041759389,0.21602787456445993
2020-05-13,37.058874152245714,-118.22435501829683,0.21766561514195584
2020-05-13,37.058874152245714,-118.22390586065478,0.20414201183431951
2020-05-13,37.058874152245714,-118.22345670301272,0.20359281437125748
2020-05-13,37.058874152245714,-118.22300754537066,0.19756838905775076
2020-05-13,37.058874152245714,-118.2225583877286,0.19938650306748465
2020-05-13,37.058874152245714,-118.22210923008656,0.21428571428571427
2020-05-13,37.058874152245714,-118.22166007244448,0.18543046357615894
2020-05-13,37.058874152245714,-118.22121091480244,0.1588447653429603
2020-05-13,37.058874152245714,-118.22076175716036,0.17391304347826086
2020-05-13,37.058874152245714,-118.22031259951832,0.19665271966527198
2020-05-13,37.058874152245714,-118.21986344187624,0.21888412017167383
2020-05-13,37.058874152245714,-118.2194142842342,0.24413145539906103
2020-05-13,37.058874152245714,-118.21896512659212,0.2925531914893617
2020-05-13,37.058874152245714,-118.21851596895006,0.3275862068965517
2020-05-13,37.058874152245714,-118.218066811308,0.3067484662576687
2020-05-13,37.058874152245714,-118.21761765366594,0.2883435582822086
2020-05-13,37.058874152245714,-118.21716849602387,0.2947976878612717
2020-05-13,37.058874152245714,-118.21671933838182,0.2233502538071066
2020-05-13,37.058874152245714,-118.21627018073976,0.2072072072072072
2020-05-13,37.058874152245714,-118.2158210230977,0.25906735751295334
2020-05-13,37.058874152245714,-118.21537186545564,0.3
2020-05-13,37.058874152245714,-118.2149227078136,0.26859504132231404
2020-05-13,37.058874152245714,-118.21447355017152,0.2302158273381295
2020-05-13,37.058874152245714,-118.21402439252948,0.24390243902439024
2020-05-13,37.058874152245714,-118.2135752348874,0.3058823529411765
2020-05-13,37.058874152245714,-118.21312607724536,0.4147465437788018
2020-05-13,37.058874152245714,-118.21267691960328,0.43097643097643096
2020-05-13,37.058874152245714,-118.21222776196124,3.222433460076046
2020-05-13,37.05932330988777,-118.22884659471744,1.607201309328969
2020-05-13,37.05932330988777,-118.22839743707536,0.4823232323232323
2020-05-13,37.05932330988777,-118.22794827943332,0.40540540540540543
2020-05-13,37.05932330988777,-118.22749912179124,0.3165266106442577
2020-05-13,37.05932330988777,-118.2270499641492,0.2668711656441718
2020-05-13,37.05932330988777,-118.22660080650714,0.2560553633217993
2020-05-13,37.05932330988777,-118.22615164886508,0.21
2020-05-13,37.05932330988777,-118.22570249122302,0.2
2020-05-13,37.05932330988777,-118.22525333358097,0.21951219512195122
2020-05-13,37.05932330988777,-118.2248041759389,0.21311475409836064
2020-05-13,37.05932330988777,-118.22435501829683,0.2125
2020-05-13,37.05932330988777,-118.22390586065478,0.20588235294117646
2020-05-13,37.05932330988777,-118.22345670301272,0.21176470588235294
2020-05-13,37.05932330988777,-118.22300754537066,0.20597014925373133
2020-05-13,37.05932330988777,-118.2225583877286,0.20364741641337386
2020-05-13,37.05932330988777,-118.22210923008656,0.21712538226299694
2020-05-13,37.05932330988777,-118.22166007244448,0.1832797427652733
2020-05-13,37.05932330988777,-118.22121091480244,0.16423357664233576
2020-05-13,37.05932330988777,-118.22076175716036,0.171875
2020-05-13,37.05932330988777,-118.22031259951832,0.21224489795918366
2020-05-13,37.05932330988777,-118.21986344187624,0.24675324675324675
2020-05-13,37.05932330988777,-118.2194142842342,0.2651162790697674
2020-05-13,37.05932330988777,-118.21896512659212,0.31891891891891894
2020-05-13,37.05932330988777,-118.21851596895006,0.3389830508474576
2020-05-13,37.05932330988777,-118.218066811308,0.3372093023255814
2020-05-13,37.05932330988777,-118.21761765366594,0.32934131736526945
2020-05-13,37.05932330988777,-118.21716849602387,0.3172043010752688
2020-05-13,37.05932330988777,-118.21671933838182,0.2631578947368421
2020-05-13,37.05932330988777,-118.21627018073976,0.24766355140186916
2020-05-13,37.05932330988777,-118.2158210230977,0.25
2020-05-13,37.05932330988777,-118.21537186545564,0.2831050228310502
2020-05-13,37.05932330988777,-118.2149227078136,0.2698412698412698
2020-05-13,37.05932330988777,-118.21447355017152,0.2465277777777778
2020-05-13,37.05932330988777,-118.21402439252948,0.2835820895522388
2020-05-13,37.05932330988777,-118.2135752348874,0.4292682926829268
2020-05-13,37.05932330988777,-118.21312607724536,0.42201834862385323
2020-05-13,37.05932330988777,-118.21267691960328,0.4097222222222222
2020-05-13,37.05932330988777,-118.21222776196124,1.9769874476987448
2020-05-13,37.05977246752983,-118.22884659471744,0.8646788990825688
2020-05-13,37.05977246752983,-118.22839743707536,0.4472361809045226
2020-05-13,37.05977246752983,-118.22794827943332,0.40441176470588236
2020-05-13,37.05977246752983,-118.22749912179124,0.3384615384615385
2020-05-13,37.05977246752983,-118.2270499641492,0.2978723404255319
2020-05-13,37.05977246752983,-118.22660080650714,0.2752808988764045
2020-05-13,37.05977246752983,-118.22615164886508,0.2569832402234637
2020-05-13,37.05977246752983,-118.22570249122302,0.2409972299168975
2020-05-13,37.05977246752983,-118.22525333358097,0.23243243243243245
2020-05-13,37.05977246752983,-118.2248041759389,0.2292817679558011
2020-05-13,37.05977246752983,-118.22435501829683,0.22131147540983606
2020-05-13,37.05977246752983,-118.22390586065478,0.21584699453551912
2020-05-13,37.05977246752983,-118.22345670301272,0.22857142857142856
2020-05-13,37.05977246752983,-118.22300754537066,0.23008849557522124
2020-05-13,37.05977246752983,-118.2225583877286,0.2323529411764706
2020-05-13,37.05977246752983,-118.22210923008656,0.22054380664652568
2020-05-13,37.05977246752983,-118.22166007244448,0.22115384615384615
2020-05-13,37.05977246752983,-118.22121091480244,0.19330855018587362
2020-05-13,37.05977246752983,-118.22076175716036,0.17164179104477612
2020-05-13,37.05977246752983,-118.22031259951832,0.1976284584980237
2020-05-13,37.05977246752983,-118.21986344187624,0.226890756302521
2020-05-13,37.05977246752983,-118.2194142842342,0.25339366515837103
2020-05-13,37.05977246752983,-118.21896512659212,0.30198019801980197
2020-05-13,37.05977246752983,-118.21851596895006,0.33152173913043476
2020-05-13,37.05977246752983,-118.218066811308,0.30851063829787234
2020-05-13,37.05977246752983,-118.21761765366594,0.3118279569892473
2020-05-13,37.05977246752983,-118.21716849602387,0.2871287128712871
2020-05-13,37.05977246752983,-118.21671933838182,0.2672811059907834
2020-05-13,37.05977246752983,-118.21627018073976,0.2636363636363636
2020-05-13,37.05977246752983,-118.2158210230977,0.2882882882882883
2020-05-13,37.05977246752983,-118.21537186545564,0.30357142857142855
2020-05-13,37.05977246752983,-118.2149227078136,0.29411764705882354
2020-05-13,37.05977246752983,-118.21447355017152,0.24199288256227758
2020-05-13,37.05977246752983,-118.21402439252948,0.36363636363636365
2020-05-13,37.05977246752983,-118.2135752348874,0.39545454545454545
2020-05-13,37.05977246752983,-118.21312607724536,0.4334763948497854
2020-05-13,37.05977246752983,-118.21267691960328,0.4329501915708812
2020-05-13,37.05977246752983,-118.21222776196124,1.0582010582010581
2020-05-13,37.06022162517189,-118.22884659471744,0.6902887139107612
2020-05-13,37.06022162517189,-118.22839743707536,0.43705463182897863
2020-05-13,37.06022162517189,-118.22794827943332,0.3844282238442822
2020-05-13,37.06022162517189,-118.22749912179124,0.3779342723004695
2020-05-13,37.06022162517189,-118.2270499641492,0.3065326633165829
2020-05-13,37.06022162517189,-118.22660080650714,0.25555555555555554
2020-05-13,37.06022162517189,-118.22615164886508,0.24786324786324787
2020-05-13,37.06022162517189,-118.22570249122302,0.2561307901907357
2020-05-13,37.06022162517189,-118.22525333358097,0.26790450928381965
2020-05-13,37.06022162517189,-118.2248041759389,0.24671916010498687
2020-05-13,37.06022162517189,-118.22435501829683,0.23482849604221637
2020-05-13,37.06022162517189,-118.22390586065478,0.22527472527472528
2020-05-13,37.06022162517189,-118.22345670301272,0.23595505617977527
2020-05-13,37.06022162517189,-118.22300754537066,0.23699421965317918
2020-05-13,37.06022162517189,-118.2225583877286,0.2344213649851632
2020-05-13,37.06022162517189,-118.22210923008656,0.21646341463414634
2020-05-13,37.06022162517189,-118.22166007244448,0.18305084745762712
2020-05-13,37.06022162517189,-118.22121091480244,0.17328519855595667
2020-05-13,37.06022162517189,-118.22076175716036,0.1890909090909091
2020-05-13,37.06022162517189,-118.22031259951832,0.21292775665399238
2020-05-13,37.06022162517189,-118.21986344187624,0.24696356275303644
2020-05-13,37.06022162517189,-118.2194142842342,0.2647058823529412
2020-05-13,37.06022162517189,-118.21896512659212,0.2754237288135593
2020-05-13,37.06022162517189,-118.21851596895006,0.23673469387755103
2020-05-13,37.06022162517189,-118.218066811308,0.2261904761904762
2020-05-13,37.06022162517189,-118.21761765366594,0.26693227091633465
2020-05-13,37.06022162517189,-118.21716849602387,0.2661290322580645
2020-05-13,37.06022162517189,-118.21671933838182,0.2713178294573643
2020-05-13,37.06022162517189,-118.21627018073976,0.26717557251908397
2020-05-13,37.06022162517189,-118.2158210230977,0.2827868852459016
2020-05-13,37.06022162517189,-118.21537186545564,0.2869198312236287
2020-05-13,37.06022162517189,-118.2149227078136,0.26693227091633465
2020-05-13,37.06022162517189,-118.21447355017152,0.26785714285714285
2020-05-13,37.06022162517189,-118.21402439252948,0.3512396694214876
2020-05-13,37.06022162517189,-118.2135752348874,0.3031496062992126
2020-05-13,37.06022162517189,-118.21312607724536,0.384297520661157
2020-05-13,37.06022162517189,-118.21267691960328,0.4262295081967213
2020-05-13,37.06022162517189,-118.21222776196124,0.49698795180722893
2020-05-13,37.06067078281395,-118.2292957523595,1.6094929881337647
2020-05-13,37.06067078281395,-118.22884659471744,0.5818639798488665
2020-05-13,37.06067078281395,-118.22839743707536,0.4669603524229075
2020-05-13,37.06067078281395,-118.22794827943332,0.43018018018018017
2020-05-13,37.06067078281395,-118.22749912179124,0.38663484486873506
2020-05-13,37.06067078281395,-118.2270499641492,0.33175355450236965
2020-05-13,37.06067078281395,-118.22660080650714,0.2868217054263566
2020-05-13,37.06067078281395,-118.22615164886508,0.25753424657534246
2020-05-13,37.06067078281395,-118.22570249122302,0.2765957446808511
2020-05-13,37.06067078281395,-118.22525333358097,0.2875318066157761
2020-05-13,37.06067078281395,-118.2248041759389,0.2971576227390181
2020-05-13,37.06067078281395,-118.22435501829683,0.25255102040816324
2020-05-13,37.06067078281395,-118.22390586065478,0.22826086956521738
2020-05-13,37.06067078281395,-118.22345670301272,0.23661971830985915
2020-05-13,37.06067078281395,-118.22300754537066,0.2404692082111437
2020-05-13,37.06067078281395,-118.2225583877286,0.22321428571428573
2020-05-13,37.06067078281395,-118.22210923008656,0.2006172839506173
2020-05-13,37.06067078281395,-118.22166007244448,0.17770034843205576
2020-05-13,37.06067078281395,-118.22121091480244,0.18545454545454546
2020-05-13,37.06067078281395,-118.22076175716036,0.19767441860465115
2020-05-13,37.06067078281395,-118.22031259951832,0.20717131474103587
2020-05-13,37.06067078281395,-118.21986344187624,0.24302788844621515
2020-05-13,37.06067078281395,-118.2194142842342,0.27385892116182575
2020-05-13,37.06067078281395,-118.21896512659212,0.25691699604743085
2020-05-13,37.06067078281395,-118.21851596895006,0.2423076923076923
2020-05-13,37.06067078281395,-118.218066811308,0.27165354330708663
2020-05-13,37.06067078281395,-118.21761765366594,0.2786259541984733
2020-05-13,37.06067078281395,-118.21716849602387,0.28063241106719367
2020-05-13,37.06067078281395,-118.21671933838182,0.25830258302583026
2020-05-13,37.06067078281395,-118.21627018073976,0.2426470588235294
2020-05-13,37.06067078281395,-118.2158210230977,0.2928870292887029
2020-05-13,37.06067078281395,-118.21537186545564,0.30869565217391304
2020-05-13,37.06067078281395,-118.2149227078136,0.2823529411764706
2020-05-13,37.06067078281395,-118.21447355017152,0.2825278810408922
2020-05-13,37.06067078281395,-118.21402439252948,0.36086956521739133
2020-05-13,37.06067078281395,-118.2135752348874,0.3070539419087137
2020-05-13,37.06067078281395,-118.21312607724536,0.3739130434782609
2020-05-13,37.06067078281395,-118.21267691960328,0.43162393162393164
2020-05-13,37.06067078281395,-118.21222776196124,0.4176829268292683
2020-05-13,37.06111994045601,-118.2292957523595,1.824212271973466
2020-05-13,37.06111994045601,-118.22884659471744,0.4906976744186046
2020-05-13,37.06111994045601,-118.22839743707536,0.46651785714285715
2020-05-13,37.06111994045601,-118.22794827943332,0.4514038876889849
2020-05-13,37.06111994045601,-118.22749912179124,0.41834451901565994
2020-05-13,37.06111994045601,-118.2270499641492,0.354916067146283
2020-05-13,37.06111994045601,-118.22660080650714,0.28717948717948716
2020-05-13,37.06111994045601,-118.22615164886508,0.2613333333333333
2020-05-13,37.06111994045601,-118.22570249122302,0.2930591259640103
2020-05-13,37.06111994045601,-118.22525333358097,0.29923273657289
2020-05-13,37.06111994045601,-118.2248041759389,0.31139240506329113
2020-05-13,37.06111994045601,-118.22435501829683,0.2706185567010309
2020-05-13,37.06111994045601,-118.22390586065478,0.25
2020-05-13,37.06111994045601,-118.22345670301272,0.2448377581120944
2020-05-13,37.06111994045601,-118.22300754537066,0.2319277108433735
2020-05-13,37.06111994045601,-118.2225583877286,0.2191358024691358
2020-05-13,37.06111994045601,-118.22210923008656,0.19218241042345277
2020-05-13,37.06111994045601,-118.22166007244448,0.17753623188405798
2020-05-13,37.06111994045601,-118.22121091480244,0.18823529411764706
2020-05-13,37.06111994045601,-118.22076175716036,0.20384615384615384
2020-05-13,37.06111994045601,-118.22031259951832,0.20676691729323307
2020-05-13,37.06111994045601,-118.21986344187624,0.2235294117647059
2020-05-13,37.06111994045601,-118.2194142842342,0.25390625
2020-05-13,37.06111994045601,-118.21896512659212,0.2339622641509434
2020-05-13,37.06111994045601,-118.21851596895006,0.23846153846153847
2020-05-13,37.06111994045601,-118.218066811308,0.2549019607843137
2020-05-13,37.06111994045601,-118.21761765366594,0.26356589147286824
2020-05-13,37.06111994045601,-118.21716849602387,0.288
2020-05-13,37.06111994045601,-118.21671933838182,0.2909090909090909
2020-05-13,37.06111994045601,-118.21627018073976,0.2727272727272727
2020-05-13,37.06111994045601,-118.2158210230977,0.2768595041322314
2020-05-13,37.06111994045601,-118.21537186545564,0.29646017699115046
2020-05-13,37.06111994045601,-118.2149227078136,0.301255230125523
2020-05-13,37.06111994045601,-118.21447355017152,0.2992125984251969
2020-05-13,37.06111994045601,-118.21402439252948,0.34347826086956523
2020-05-13,37.06111994045601,-118.2135752348874,0.32340425531914896
2020-05-13,37.06111994045601,-118.21312607724536,0.32786885245901637
2020-05-13,37.06111994045601,-118.21267691960328,0.3895582329317269
2020-05-13,37.06111994045601,-118.21222776196124,0.371875
2020-05-13,37.06111994045601,-118.21177860431916,2.467479674796748
2020-05-13,37.06156909809807,-118.2292957523595,2.0055066079295156
2020-05-13,37.06156909809807,-118.22884659471744,0.5414507772020726
2020-05-13,37.06156909809807,-118.22839743707536,0.4452380952380952
2020-05-13,37.06156909809807,-118.22794827943332,0.4419134396355353
2020-05-13,37.06156909809807,-118.22749912179124,0.4028103044496487
2020-05-13,37.06156909809807,-118.2270499641492,0.35368956743002544
2020-05-13,37.06156909809807,-118.22660080650714,0.29838709677419356
2020-05-13,37.06156909809807,-118.22615164886508,0.23837209302325582
2020-05-13,37.06156909809807,-118.22570249122302,0.30149253731343284
2020-05-13,37.06156909809807,-118.22525333358097,0.323943661971831
2020-05-13,37.06156909809807,-118.2248041759389,0.28362573099415206
2020-05-13,37.06156909809807,-118.22435501829683,0.2282958199356913
2020-05-13,37.06156909809807,-118.22390586065478,0.21403508771929824
2020-05-13,37.06156909809807,-118.22345670301272,0.2202797202797203
2020-05-13,37.06156909809807,-118.22300754537066,0.2271186440677966
2020-05-13,37.06156909809807,-118.2225583877286,0.20068027210884354
2020-05-13,37.06156909809807,-118.22210923008656,0.18374558303886926
2020-05-13,37.06156909809807,-118.22166007244448,0.20422535211267606
2020-05-13,37.06156909809807,-118.22121091480244,0.17164179104477612
2020-05-13,37.06156909809807,-118.22076175716036,0.1821705426356589
2020-05-13,37.06156909809807,-118.22031259951832,0.204
2020-05-13,37.06156909809807,-118.21986344187624,0.23715415019762845
2020-05-13,37.06156909809807,-118.2194142842342,0.24354243542435425
2020-05-13,37.06156909809807,-118.21896512659212,0.2427536231884058
2020-05-13,37.06156909809807,-118.21851596895006,0.25925925925925924
2020-05-13,37.06156909809807,-118.218066811308,0.26693227091633465
2020-05-13,37.06156909809807,-118.21761765366594,0.2833333333333333
2020-05-13,37.06156909809807,-118.21716849602387,0.29296875
2020-05-13,37.06156909809807,-118.21671933838182,0.3470790378006873
2020-05-13,37.06156909809807,-118.21627018073976,0.7039800995024875
2020-05-13,37.06156909809807,-118.2158210230977,0.3178294573643411
2020-05-13,37.06156909809807,-118.21537186545564,0.3393665158371041
2020-05-13,37.06156909809807,-118.2149227078136,0.3333333333333333
2020-05-13,37.06156909809807,-118.21447355017152,0.3253012048192771
2020-05-13,37.06156909809807,-118.21402439252948,0.3524229074889868
2020-05-13,37.06156909809807,-118.2135752348874,0.33191489361702126
2020-05-13,37.06156909809807,-118.21312607724536,0.2952029520295203
2020-05-13,37.06156909809807,-118.21267691960328,0.3154121863799283
2020-05-13,37.06156909809807,-118.21222776196124,0.33225806451612905
2020-05-13,37.06156909809807,-118.21177860431916,0.6356589147286822
2020-05-13,37.06201825574013,-118.22884659471744,0.8203753351206434
2020-05-13,37.06201825574013,-118.22839743707536,0.4263959390862944
2020-05-13,37.06201825574013,-118.22794827943332,0.4375
2020-05-13,37.06201825574013,-118.22749912179124,0.38402061855670105
2020-05-13,37.06201825574013,-118.2270499641492,0.3254437869822485
2020-05-13,37.06201825574013,-118.22660080650714,0.2755417956656347
2020-05-13,37.06201825574013,-118.22615164886508,0.19927536231884058
2020-05-13,37.06201825574013,-118.22570249122302,0.20224719101123595
2020-05-13,37.06201825574013,-118.22525333358097,0.23247232472324722
2020-05-13,37.06201825574013,-118.2248041759389,0.24087591240875914
2020-05-13,37.06201825574013,-118.22435501829683,0.22304832713754646
2020-05-13,37.06201825574013,-118.22390586065478,0.2097902097902098
2020-05-13,37.06201825574013,-118.22345670301272,0.22142857142857142
2020-05-13,37.06201825574013,-118.22300754537066,0.21897810218978103
2020-05-13,37.06201825574013,-118.2225583877286,0.20503597122302158
2020-05-13,37.06201825574013,-118.22210923008656,0.19133574007220217
2020-05-13,37.06201825574013,-118.22166007244448,0.17375886524822695
2020-05-13,37.06201825574013,-118.22121091480244,0.16541353383458646
2020-05-13,37.06201825574013,-118.22076175716036,0.15384615384615385
2020-05-13,37.06201825574013,-118.22031259951832,0.16538461538461538
2020-05-13,37.06201825574013,-118.21986344187624,0.22140221402214022
2020-05-13,37.06201825574013,-118.2194142842342,0.2857142857142857
2020-05-13,37.06201825574013,-118.21896512659212,0.3046594982078853
2020-05-13,37.06201825574013,-118.21851596895006,0.2777777777777778
2020-05-13,37.06201825574013,-118.218066811308,0.28044280442804426
2020-05-13,37.06201825574013,-118.21761765366594,0.2943722943722944
2020-05-13,37.06201825574013,-118.21716849602387,0.2911392405063291
2020-05-13,37.06201825574013,-118.21671933838182,0.3693379790940767
2020-05-13,37.06201825574013,-118.21627018073976,0.6061538461538462
2020-05-13,37.06201825574013,-118.2158210230977,0.462406015037594
2020-05-13,37.06201825574013,-118.21537186545564,0.26956521739130435
2020-05-13,37.06201825574013,-118.2149227078136,0.2815126050420168
2020-05-13,37.06201825574013,-118.21447355017152,0.3401639344262295
2020-05-13,37.06201825574013,-118.21402439252948,0.388646288209607
2020-05-13,37.06201825574013,-118.2135752348874,0.3404255319148936
2020-05-13,37.06201825574013,-118.21312607724536,0.2840909090909091
2020-05-13,37.06201825574013,-118.21267691960328,0.2907801418439716
2020-05-13,37.06201825574013,-118.21222776196124,0.3259493670886076
2020-05-13,37.06201825574013,-118.21177860431916,0.4572192513368984
2020-05-13,37.06246741338219,-118.22884659471744,1.4625
2020-05-13,37.06246741338219,-118.22839743707536,0.32407407407407407
2020-05-13,37.06246741338219,-118.22794827943332,0.3167701863354037
2020-05-13,37.06246741338219,-118.22749912179124,0.2721311475409836
2020-05-13,37.06246741338219,-118.2270499641492,0.25252525252525254
2020-05-13,37.06246741338219,-118.22660080650714,0.21724137931034482
2020-05-13,37.06246741338219,-118.22615164886508,0.2607003891050584
2020-05-13,37.06246741338219,-118.22570249122302,0.20149253731343283
2020-05-13,37.06246741338219,-118.22525333358097,0.21481481481481482
2020-05-13,37.06246741338219,-118.2248041759389,0.20761245674740483
2020-05-13,37.06246741338219,-118.22435501829683,0.199288256227758
2020-05-13,37.06246741338219,-118.22390586065478,0.21875
2020-05-13,37.06246741338219,-118.22345670301272,0.20212765957446807
2020-05-13,37.06246741338219,-118.22300754537066,0.20446096654275092
2020-05-13,37.06246741338219,-118.2225583877286,0.20955882352941177
2020-05-13,37.06246741338219,-118.22210923008656,0.16901408450704225
2020-05-13,37.06246741338219,-118.22166007244448,0.16319444444444445
2020-05-13,37.06246741338219,-118.22121091480244,0.17712177121771217
2020-05-13,37.06246741338219,-118.22076175716036,0.1781818181818182
2020-05-13,37.06246741338219,-118.22031259951832,0.20155038759689922
2020-05-13,37.06246741338219,-118.21986344187624,0.26
2020-05-13,37.06246741338219,-118.2194142842342,0.2952755905511811
2020-05-13,37.06246741338219,-118.21896512659212,0.2862595419847328
2020-05-13,37.06246741338219,-118.21851596895006,0.25806451612903225
2020-05-13,37.06246741338219,-118.218066811308,0.2727272727272727
2020-05-13,37.06246741338219,-118.21761765366594,0.29535864978902954
2020-05-13,37.06246741338219,-118.21716849602387,0.31140350877192985
2020-05-13,37.06246741338219,-118.21671933838182,0.2857142857142857
2020-05-13,37.06246741338219,-118.21627018073976,0.29042904290429045
2020-05-13,37.06246741338219,-118.2158210230977,0.2786259541984733
2020-05-13,37.06246741338219,-118.21537186545564,0.26778242677824265
2020-05-13,37.06246741338219,-118.2149227078136,0.29218106995884774
2020-05-13,37.06246741338219,-118.21447355017152,0.3493975903614458
2020-05-13,37.06246741338219,-118.21402439252948,0.3868312757201646
2020-05-13,37.06246741338219,-118.2135752348874,0.3281853281853282
2020-05-13,37.06246741338219,-118.21312607724536,0.28620689655172415
2020-05-13,37.06246741338219,-118.21267691960328,0.26956521739130435
2020-05-13,37.06246741338219,-118.21222776196124,0.30913978494623656
2020-05-13,37.06246741338219,-118.21177860431916,1.3433962264150943
2020-05-13,37.062916571024246,-118.22884659471744,1.643765903307888
2020-05-13,37.062916571024246,-118.22839743707536,0.28173374613003094
2020-05-13,37.062916571024246,-118.22794827943332,0.27946127946127947
2020-05-13,37.062916571024246,-118.22749912179124,0.3010033444816054
2020-05-13,37.062916571024246,-118.2270499641492,0.29194630872483224
2020-05-13,37.062916571024246,-118.22660080650714,0.2833333333333333
2020-05-13,37.062916571024246,-118.22615164886508,0.25
2020-05-13,37.062916571024246,-118.22570249122302,0.21843003412969283
2020-05-13,37.062916571024246,-118.22525333358097,0.26578073089701
2020-05-13,37.062916571024246,-118.2248041759389,0.23076923076923078
2020-05-13,37.062916571024246,-118.22435501829683,0.2152777777777778
2020-05-13,37.062916571024246,-118.22390586065478,0.23674911660777384
2020-05-13,37.062916571024246,-118.22345670301272,0.2277580071174377
2020-05-13,37.062916571024246,-118.22300754537066,0.21660649819494585
2020-05-13,37.062916571024246,-118.2225583877286,0.1956521739130435
2020-05-13,37.062916571024246,-118.22210923008656,0.19649122807017544
2020-05-13,37.062916571024246,-118.22166007244448,0.18027210884353742
2020-05-13,37.062916571024246,-118.22121091480244,0.20522388059701493
2020-05-13,37.062916571024246,-118.22076175716036,0.22932330827067668
2020-05-13,37.062916571024246,-118.22031259951832,0.2653846153846154
2020-05-13,37.062916571024246,-118.21986344187624,0.2751937984496124
2020-05-13,37.062916571024246,-118.2194142842342,0.27734375
2020-05-13,37.062916571024246,-118.21896512659212,0.264
2020-05-13,37.062916571024246,-118.21851596895006,0.2633587786259542
2020-05-13,37.062916571024246,-118.218066811308,0.2740740740740741
2020-05-13,37.062916571024246,-118.21761765366594,0.28957528957528955
2020-05-13,37.062916571024246,-118.21716849602387,0.26459143968871596
2020-05-13,37.062916571024246,-118.21671933838182,0.2549019607843137
2020-05-13,37.062916571024246,-118.21627018073976,0.26557377049180325
2020-05-13,37.062916571024246,-118.2158210230977,0.2808219178082192
2020-05-13,37.062916571024246,-118.21537186545564,0.28112449799196787
2020-05-13,37.062916571024246,-118.2149227078136,0.2801556420233463
2020-05-13,37.062916571024246,-118.21447355017152,0.30855018587360594
2020-05-13,37.062916571024246,-118.21402439252948,0.3443223443223443
2020-05-13,37.062916571024246,-118.2135752348874,0.33687943262411346
2020-05-13,37.062916571024246,-118.21312607724536,0.26956521739130435
2020-05-13,37.062916571024246,-118.21267691960328,0.2722371967654987
2020-05-13,37.062916571024246,-118.21222776196124,0.3171355498721228
2020-05-13,37.062916571024246,-118.21177860431916,1.2551594746716699
2020-05-13,37.06336572866631,-118.2292957523595,1.871002132196162
2020-05-13,37.06336572866631,-118.22884659471744,0.7390029325513197
2020-05-13,37.06336572866631,-118.22839743707536,0.3695652173913043
2020-05-13,37.06336572866631,-118.22794827943332,0.3234323432343234
2020-05-13,37.06336572866631,-118.22749912179124,0.31208053691275167
2020-05-13,37.06336572866631,-118.2270499641492,0.28523489932885904
2020-05-13,37.06336572866631,-118.22660080650714,0.2781456953642384
2020-05-13,37.06336572866631,-118.22615164886508,0.2558139534883721
2020-05-13,37.06336572866631,-118.22570249122302,0.23859649122807017
2020-05-13,37.06336572866631,-118.22525333358097,0.24390243902439024
2020-05-13,37.06336572866631,-118.2248041759389,0.24738675958188153
2020-05-13,37.06336572866631,-118.22435501829683,0.24149659863945577
2020-05-13,37.06336572866631,-118.22390586065478,0.22602739726027396
2020-05-13,37.06336572866631,-118.22345670301272,0.22857142857142856
2020-05-13,37.06336572866631,-118.22300754537066,0.22945205479452055
2020-05-13,37.06336572866631,-118.2225583877286,0.20833333333333334
2020-05-13,37.06336572866631,-118.22210923008656,0.46885245901639344
2020-05-13,37.06336572866631,-118.22166007244448,0.18791946308724833
2020-05-13,37.06336572866631,-118.22121091480244,0.21509433962264152
2020-05-13,37.06336572866631,-118.22076175716036,0.24521072796934865
2020-05-13,37.06336572866631,-118.22031259951832,0.26640926640926643
2020-05-13,37.06336572866631,-118.21986344187624,0.30742049469964666
2020-05-13,37.06336572866631,-118.2194142842342,0.26785714285714285
2020-05-13,37.06336572866631,-118.21896512659212,0.24344569288389514
2020-05-13,37.06336572866631,-118.21851596895006,0.27450980392156865
2020-05-13,37.06336572866631,-118.218066811308,0.27238805970149255
2020-05-13,37.06336572866631,-118.21761765366594,0.24642857142857144
2020-05-13,37.06336572866631,-118.21716849602387,0.21575342465753425
2020-05-13,37.06336572866631,-118.21671933838182,0.2535211267605634
2020-05-13,37.06336572866631,-118.21627018073976,0.2968197879858657
2020-05-13,37.06336572866631,-118.2158210230977,0.3282674772036474
2020-05-13,37.06336572866631,-118.21537186545564,0.3088803088803089
2020-05-13,37.06336572866631,-118.2149227078136,0.3076923076923077
2020-05-13,37.06336572866631,-118.21447355017152,0.27208480565371024
2020-05-13,37.06336572866631,-118.21402439252948,0.302491103202847
2020-05-13,37.06336572866631,-118.2135752348874,0.3055555555555556
2020-05-13,37.06336572866631,-118.21312607724536,0.25879396984924624
2020-05-13,37.06336572866631,-118.21267691960328,0.2625
2020-05-13,37.06336572866631,-118.21222776196124,0.4092009685230024
2020-05-13,37.06381488630837,-118.2292957523595,1.7442572741194486
2020-05-13,37.06381488630837,-118.22884659471744,0.4485981308411215
2020-05-13,37.06381488630837,-118.22839743707536,0.3938356164383562
2020-05-13,37.06381488630837,-118.22794827943332,0.3301282051282051
2020-05-13,37.06381488630837,-118.22749912179124,0.3079470198675497
2020-05-13,37.06381488630837,-118.2270499641492,0.288135593220339
2020-05-13,37.06381488630837,-118.22660080650714,0.25163398692810457
2020-05-13,37.06381488630837,-118.22615164886508,0.23728813559322035
2020-05-13,37.06381488630837,-118.22570249122302,0.25
2020-05-13,37.06381488630837,-118.22525333358097,0.2202797202797203
2020-05-13,37.06381488630837,-118.2248041759389,0.24647887323943662
2020-05-13,37.06381488630837,-118.22435501829683,0.25874125874125875
2020-05-13,37.06381488630837,-118.22390586065478,0.24100719424460432
2020-05-13,37.06381488630837,-118.22345670301272,0.2147887323943662
2020-05-13,37.06381488630837,-118.22300754537066,0.21254355400696864
2020-05-13,37.06381488630837,-118.2225583877286,0.22807017543859648
2020-05-13,37.06381488630837,-118.22210923008656,1.21875
2020-05-13,37.06381488630837,-118.22166007244448,1.6197440585009142
2020-05-13,37.06381488630837,-118.22121091480244,0.2899628252788104
2020-05-13,37.06381488630837,-118.22076175716036,0.22727272727272727
2020-05-13,37.06381488630837,-118.22031259951832,0.2490566037735849
2020-05-13,37.06381488630837,-118.21986344187624,0.2881944444444444
2020-05-13,37.06381488630837,-118.2194142842342,0.22627737226277372
2020-05-13,37.06381488630837,-118.21896512659212,0.2529182879377432
2020-05-13,37.06381488630837,-118.21851596895006,0.25984251968503935
2020-05-13,37.06381488630837,-118.218066811308,0.26865671641791045
2020-05-13,37.06381488630837,-118.21761765366594,0.26785714285714285
2020-05-13,37.06381488630837,-118.21716849602387,0.2671232876712329
2020-05-13,37.06381488630837,-118.21671933838182,0.27358490566037735
2020-05-13,37.06381488630837,-118.21627018073976,0.37777777777777777
2020-05-13,37.06381488630837,-118.2158210230977,1.2546875
2020-05-13,37.06381488630837,-118.21537186545564,1.0355648535564854
2020-05-13,37.06381488630837,-118.2149227078136,0.27358490566037735
2020-05-13,37.06381488630837,-118.21447355017152,0.2996941896024465
2020-05-13,37.06381488630837,-118.21402439252948,0.8886554621848739
2020-05-13,37.06381488630837,-118.2135752348874,1.4752186588921283
2020-05-13,37.06381488630837,-118.21312607724536,0.2687651331719128
2020-05-13,37.06381488630837,-118.21267691960328,0.28738317757009346
2020-05-13,37.06381488630837,-118.21222776196124,0.7101769911504425
2020-05-13,37.06426404395043,-118.2292957523595,1.4130434782608696
2020-05-13,37.06426404395043,-118.22884659471744,0.3894080996884735
2020-05-13,37.06426404395043,-118.22839743707536,0.32867132867132864
2020-05-13,37.06426404395043,-118.22794827943332,0.303886925795053
2020-05-13,37.06426404395043,-118.22749912179124,0.28776978417266186
2020-05-13,37.06426404395043,-118.2270499641492,0.26037735849056604
2020-05-13,37.06426404395043,-118.22660080650714,0.2508833922261484
2020-05-13,37.06426404395043,-118.22615164886508,0.2689655172413793
2020-05-13,37.06426404395043,-118.22570249122302,0.2702702702702703
2020-05-13,37.06426404395043,-118.22525333358097,0.24745762711864408
2020-05-13,37.06426404395043,-118.2248041759389,0.24372759856630824
2020-05-13,37.06426404395043,-118.22435501829683,0.23550724637681159
2020-05-13,37.06426404395043,-118.22390586065478,0.2318840579710145
2020-05-13,37.06426404395043,-118.22345670301272,0.21611721611721613
2020-05-13,37.06426404395043,-118.22300754537066,0.23465703971119134
2020-05-13,37.06426404395043,-118.2225583877286,0.21993127147766323
2020-05-13,37.06426404395043,-118.22210923008656,0.24734982332155478
2020-05-13,37.06426404395043,-118.22166007244448,0.4847457627118644
2020-05-13,37.06426404395043,-118.22121091480244,0.22627737226277372
2020-05-13,37.06426404395043,-118.22076175716036,0.21292775665399238
2020-05-13,37.06426404395043,-118.22031259951832,0.24904214559386972
2020-05-13,37.06426404395043,-118.21986344187624,0.28102189781021897
2020-05-13,37.06426404395043,-118.2194142842342,0.23228346456692914
2020-05-13,37.06426404395043,-118.21896512659212,0.25523012552301255
2020-05-13,37.06426404395043,-118.21851596895006,0.27309236947791166
2020-05-13,37.06426404395043,-118.218066811308,0.28627450980392155
2020-05-13,37.06426404395043,-118.21761765366594,0.28321678321678323
2020-05-13,37.06426404395043,-118.21716849602387,0.2896551724137931
2020-05-13,37.06426404395043,-118.21671933838182,0.3081967213114754
2020-05-13,37.06426404395043,-118.21627018073976,0.40601503759398494
2020-05-13,37.06426404395043,-118.2158210230977,1.3973214285714286
2020-05-13,37.06426404395043,-118.21537186545564,1.9916123019571295
2020-05-13,37.06426404395043,-118.2149227078136,0.8540305010893247
2020-05-13,37.06426404395043,-118.21447355017152,0.4101796407185629
2020-05-13,37.06426404395043,-118.21402439252948,1.6805194805194805
2020-05-13,37.06426404395043,-118.2135752348874,1.5200271554650373
2020-05-13,37.06426404395043,-118.21312607724536,1.347684809098294
2020-05-13,37.06426404395043,-118.21267691960328,0.4550898203592814
2020-05-13,37.06426404395043,-118.21222776196124,1.0692717584369449
2020-05-13,37.06471320159249,-118.22974491000156,2.299029126213592
2020-05-13,37.06471320159249,-118.2292957523595,0.6212534059945504
2020-05-13,37.06471320159249,-118.22884659471744,0.3853503184713376
2020-05-13,37.06471320159249,-118.22839743707536,0.30451127819548873
2020-05-13,37.06471320159249,-118.22794827943332,0.24
2020-05-13,37.06471320159249,-118.22749912179124,0.2893772893772894
2020-05-13,37.06471320159249,-118.2270499641492,0.26394052044609667
2020-05-13,37.06471320159249,-118.22660080650714,0.22794117647058823
2020-05-13,37.06471320159249,-118.22615164886508,0.2651006711409396
2020-05-13,37.06471320159249,-118.22570249122302,0.28619528619528617
2020-05-13,37.06471320159249,-118.22525333358097,0.24561403508771928
2020-05-13,37.06471320159249,-118.2248041759389,0.24621212121212122
2020-05-13,37.06471320159249,-118.22435501829683,0.19230769230769232
2020-05-13,37.06471320159249,-118.22390586065478,0.23529411764705882
2020-05-13,37.06471320159249,-118.22345670301272,0.22592592592592592
2020-05-13,37.06471320159249,-118.22300754537066,0.24087591240875914
2020-05-13,37.06471320159249,-118.2225583877286,0.2462686567164179
2020-05-13,37.06471320159249,-118.22210923008656,0.24074074074074073
2020-05-13,37.06471320159249,-118.22166007244448,0.2391304347826087
2020-05-13,37.06471320159249,-118.22121091480244,0.22627737226277372
2020-05-13,37.06471320159249,-118.22076175716036,0.21755725190839695
2020-05-13,37.06471320159249,-118.22031259951832,0.25
2020-05-13,37.06471320159249,-118.21986344187624,0.27307692307692305
2020-05-13,37.06471320159249,-118.2194142842342,0.26422764227642276
2020-05-13,37.06471320159249,-118.21896512659212,0.28695652173913044
2020-05-13,37.06471320159249,-118.21851596895006,0.29694323144104806
2020-05-13,37.06471320159249,-118.218066811308,0.30612244897959184
2020-05-13,37.06471320159249,-118.21761765366594,0.27335640138408307
2020-05-13,37.06471320159249,-118.21716849602387,0.2736842105263158
2020-05-13,37.06471320159249,-118.21671933838182,0.2978723404255319
2020-05-13,37.06471320159249,-118.21627018073976,0.34967320261437906
2020-05-13,37.06471320159249,-118.2149227078136,1.5636070853462158
2020-05-13,37.06471320159249,-118.21447355017152,0.4397590361445783
2020-05-13,37.06471320159249,-118.21402439252948,0.9495614035087719
2020-05-13,37.06471320159249,-118.21267691960328,1.0796812749003983
2020-05-13,37.06516235923455,-118.22974491000156,0.9427402862985685
2020-05-13,37.06516235923455,-118.2292957523595,0.4067357512953368
2020-05-13,37.06516235923455,-118.22884659471744,0.3052959501557632
2020-05-13,37.06516235923455,-118.22839743707536,0.2508710801393728
2020-05-13,37.06516235923455,-118.22794827943332,0.2517985611510791
2020-05-13,37.06516235923455,-118.22749912179124,0.2705479452054795
2020-05-13,37.06516235923455,-118.2270499641492,0.29337539432176657
2020-05-13,37.06516235923455,-118.22660080650714,0.2971246006389776
2020-05-13,37.06516235923455,-118.22615164886508,0.24915824915824916
2020-05-13,37.06516235923455,-118.22570249122302,0.23961661341853036
2020-05-13,37.06516235923455,-118.22525333358097,0.2364217252396166
2020-05-13,37.06516235923455,-118.2248041759389,0.2108843537414966
2020-05-13,37.06516235923455,-118.22435501829683,0.19285714285714287
2020-05-13,37.06516235923455,-118.22390586065478,0.2271062271062271
2020-05-13,37.06516235923455,-118.22345670301272,0.19572953736654805
2020-05-13,37.06516235923455,-118.22300754537066,0.23247232472324722
2020-05-13,37.06516235923455,-118.2225583877286,0.24074074074074073
2020-05-13,37.06516235923455,-118.22210923008656,0.2878787878787879
2020-05-13,37.06516235923455,-118.22166007244448,0.28832116788321166
2020-05-13,37.06516235923455,-118.22121091480244,0.26119402985074625
2020-05-13,37.06516235923455,-118.22076175716036,0.2559055118110236
2020-05-13,37.06516235923455,-118.22031259951832,0.27586206896551724
2020-05-13,37.06516235923455,-118.21986344187624,0.30165289256198347
2020-05-13,37.06516235923455,-118.2194142842342,0.26953125
2020-05-13,37.06516235923455,-118.21896512659212,0.3008474576271186
2020-05-13,37.06516235923455,-118.21851596895006,0.33035714285714285
2020-05-13,37.06516235923455,-118.218066811308,0.29959514170040485
2020-05-13,37.06516235923455,-118.21761765366594,0.27177700348432055
2020-05-13,37.06516235923455,-118.21716849602387,0.2852233676975945
2020-05-13,37.06516235923455,-118.21671933838182,0.28668941979522183
2020-05-13,37.06516235923455,-118.21627018073976,0.3938356164383562
2020-05-13,37.06516235923455,-118.21447355017152,0.6768149882903981
2020-05-13,37.06516235923455,-118.21402439252948,0.391304347826087
2020-05-13,37.06516235923455,-118.2135752348874,0.9654510556621881
2020-05-13,37.06561151687661,-118.23064322528568,1.428443649373882
2020-05-13,37.06561151687661,-118.23019406764362,0.5122549019607843
2020-05-13,37.06561151687661,-118.22974491000156,0.4246913580246914
2020-05-13,37.06561151687661,-118.2292957523595,0.3660477453580902
2020-05-13,37.06561151687661,-118.22884659471744,0.2997032640949555
2020-05-13,37.06561151687661,-118.22839743707536,0.2724358974358974
2020-05-13,37.06561151687661,-118.22794827943332,0.24390243902439024
2020-05-13,37.06561151687661,-118.22749912179124,0.262987012987013
2020-05-13,37.06561151687661,-118.2270499641492,0.3265895953757225
2020-05-13,37.06561151687661,-118.22660080650714,0.31384615384615383
2020-05-13,37.06561151687661,-118.22615164886508,0.28664495114006516
2020-05-13,37.06561151687661,-118.22570249122302,0.28525641025641024
2020-05-13,37.06561151687661,-118.22525333358097,0.240625
2020-05-13,37.06561151687661,-118.2248041759389,0.22448979591836735
2020-05-13,37.06561151687661,-118.22435501829683,0.21453287197231835
2020-05-13,37.06561151687661,-118.22390586065478,0.1993006993006993
2020-05-13,37.06561151687661,-118.22345670301272,0.21245421245421245
2020-05-13,37.06561151687661,-118.22300754537066,0.23773584905660378
2020-05-13,37.06561151687661,-118.2225583877286,0.2720306513409962
2020-05-13,37.06561151687661,-118.22210923008656,0.2751937984496124
2020-05-13,37.06561151687661,-118.22166007244448,0.2751937984496124
2020-05-13,37.06561151687661,-118.22121091480244,0.26953125
2020-05-13,37.06561151687661,-118.22076175716036,0.27615062761506276
2020-05-13,37.06561151687661,-118.22031259951832,0.3333333333333333
2020-05-13,37.06561151687661,-118.21986344187624,0.3291139240506329
2020-05-13,37.06561151687661,-118.2194142842342,0.2786259541984733
2020-05-13,37.06561151687661,-118.21896512659212,0.3
2020-05-13,37.06561151687661,-118.21851596895006,0.3392070484581498
2020-05-13,37.06561151687661,-118.218066811308,0.2824427480916031
2020-05-13,37.06561151687661,-118.21761765366594,0.24584717607973422
2020-05-13,37.06561151687661,-118.21716849602387,0.2601880877742947
2020-05-13,37.06561151687661,-118.21671933838182,0.27639751552795033
2020-05-13,37.06561151687661,-118.21627018073976,0.3470031545741325
2020-05-13,37.06561151687661,-118.2158210230977,1.3525377229080933
2020-05-13,37.06561151687661,-118.21447355017152,0.4186666666666667
2020-05-13,37.06561151687661,-118.21402439252948,0.42133333333333334
2020-05-13,37.06561151687661,-118.2135752348874,0.772256728778468
2020-05-13,37.06606067451867,-118.23064322528568,1.3686327077747988
2020-05-13,37.06606067451867,-118.23019406764362,0.4584450402144772
2020-05-13,37.06606067451867,-118.22974491000156,0.4005102040816326
2020-05-13,37.06606067451867,-118.2292957523595,0.3216216216216216
2020-05-13,37.06606067451867,-118.22884659471744,0.30678466076696165
2020-05-13,37.06606067451867,-118.22839743707536,0.29906542056074764
2020-05-13,37.06606067451867,-118.22794827943332,0.22972972972972974
2020-05-13,37.06606067451867,-118.22749912179124,0.2564102564102564
2020-05-13,37.06606067451867,-118.2270499641492,0.368
2020-05-13,37.06606067451867,-118.22660080650714,0.3224852071005917
2020-05-13,37.06606067451867,-118.22615164886508,0.2958199356913183
2020-05-13,37.06606067451867,-118.22570249122302,0.271875
2020-05-13,37.06606067451867,-118.22525333358097,0.24610591900311526
2020-05-13,37.06606067451867,-118.2248041759389,0.21568627450980393
2020-05-13,37.06606067451867,-118.22435501829683,0.23841059602649006
2020-05-13,37.06606067451867,-118.22390586065478,0.22262773722627738
2020-05-13,37.06606067451867,-118.22345670301272,0.19540229885057472
2020-05-13,37.06606067451867,-118.22300754537066,0.2196969696969697
2020-05-13,37.06606067451867,-118.2225583877286,0.24814814814814815
2020-05-13,37.06606067451867,-118.22210923008656,0.25301204819277107
2020-05-13,37.06606067451867,-118.22166007244448,0.2559055118110236
2020-05-13,37.06606067451867,-118.22121091480244,0.27137546468401486
2020-05-13,37.06606067451867,-118.22076175716036,0.2862595419847328
2020-05-13,37.06606067451867,-118.22031259951832,0.3333333333333333
2020-05-13,37.06606067451867,-118.21986344187624,0.3651452282157676
2020-05-13,37.06606067451867,-118.2194142842342,0.26765799256505574
2020-05-13,37.06606067451867,-118.21896512659212,0.2706766917293233
2020-05-13,37.06606067451867,-118.21851596895006,0.31196581196581197
2020-05-13,37.06606067451867,-118.218066811308,0.2931726907630522
2020-05-13,37.06606067451867,-118.21761765366594,0.2602739726027397
2020-05-13,37.06606067451867,-118.21716849602387,0.28792569659442724
2020-05-13,37.06606067451867,-118.21671933838182,0.3105590062111801
2020-05-13,37.06606067451867,-118.21627018073976,0.35276967930029157
2020-05-13,37.06606067451867,-118.2158210230977,1.4791929382093316
2020-05-13,37.06606067451867,-118.2149227078136,1.4492753623188406
2020-05-13,37.06606067451867,-118.21447355017152,0.4932975871313673
2020-05-13,37.06606067451867,-118.21402439252948,0.5507246376811594
2020-05-13,37.06606067451867,-118.2135752348874,1.2756339581036384
2020-05-13,37.066509832160726,-118.23064322528568,1.1846689895470384
2020-05-13,37.066509832160726,-118.23019406764362,0.4491017964071856
2020-05-13,37.066509832160726,-118.22974491000156,0.3767313019390582
2020-05-13,37.066509832160726,-118.2292957523595,0.3224043715846995
2020-05-13,37.066509832160726,-118.22884659471744,0.2909604519774011
2020-05-13,37.066509832160726,-118.22839743707536,0.2950310559006211
2020-05-13,37.066509832160726,-118.22794827943332,0.23905723905723905
2020-05-13,37.066509832160726,-118.22749912179124,0.2861635220125786
2020-05-13,37.066509832160726,-118.2270499641492,0.3938618925831202
2020-05-13,37.066509832160726,-118.22660080650714,0.35674157303370785
2020-05-13,37.066509832160726,-118.22615164886508,0.25
2020-05-13,37.066509832160726,-118.22570249122302,0.28434504792332266
2020-05-13,37.066509832160726,-118.22525333358097,0.24605678233438485
2020-05-13,37.066509832160726,-118.2248041759389,0.23666666666666666
2020-05-13,37.066509832160726,-118.22435501829683,0.22295081967213115
2020-05-13,37.066509832160726,-118.22390586065478,0.22142857142857142
2020-05-13,37.066509832160726,-118.22345670301272,0.20599250936329588
2020-05-13,37.066509832160726,-118.22300754537066,0.23018867924528302
2020-05-13,37.066509832160726,-118.2225583877286,0.26515151515151514
2020-05-13,37.066509832160726,-118.22210923008656,0.2723404255319149
2020-05-13,37.066509832160726,-118.22166007244448,0.2528301886792453
2020-05-13,37.066509832160726,-118.22121091480244,0.25951557093425603
2020-05-13,37.066509832160726,-118.22076175716036,0.271523178807947
2020-05-13,37.066509832160726,-118.22031259951832,0.3413654618473896
2020-05-13,37.066509832160726,-118.21986344187624,0.3779527559055118
2020-05-13,37.066509832160726,-118.2194142842342,0.2888086642599278
2020-05-13,37.066509832160726,-118.21896512659212,0.26334519572953735
2020-05-13,37.066509832160726,-118.21851596895006,0.2835249042145594
2020-05-13,37.066509832160726,-118.218066811308,0.3018867924528302
2020-05-13,37.066509832160726,-118.21761765366594,0.31636363636363635
2020-05-13,37.066509832160726,-118.21716849602387,0.32781456953642385
2020-05-13,37.066509832160726,-118.21671933838182,0.38338658146964855
2020-05-13,37.066509832160726,-118.21627018073976,0.5221238938053098
2020-05-13,37.066509832160726,-118.2149227078136,1.4431464174454829
2020-05-13,37.066509832160726,-118.21447355017152,0.5819477434679335
2020-05-13,37.066509832160726,-118.21402439252948,1.2104637336504163
2020-05-13,37.06695898980279,-118.23064322528568,1.153366583541147
2020-05-13,37.06695898980279,-118.23019406764362,0.4726027397260274
2020-05-13,37.06695898980279,-118.22974491000156,0.3573667711598746
2020-05-13,37.06695898980279,-118.2292957523595,0.3323442136498516
2020-05-13,37.06695898980279,-118.22884659471744,0.3314121037463977
2020-05-13,37.06695898980279,-118.22839743707536,0.3157894736842105
2020-05-13,37.06695898980279,-118.22794827943332,0.283987915407855
2020-05-13,37.06695898980279,-118.22749912179124,0.34210526315789475
2020-05-13,37.06695898980279,-118.2270499641492,0.4114441416893733
2020-05-13,37.06695898980279,-118.22660080650714,0.33024691358024694
2020-05-13,37.06695898980279,-118.22615164886508,0.29878048780487804
2020-05-13,37.06695898980279,-118.22570249122302,0.30513595166163143
2020-05-13,37.06695898980279,-118.22525333358097,0.26
2020-05-13,37.06695898980279,-118.2248041759389,0.25
2020-05-13,37.06695898980279,-118.22435501829683,0.28205128205128205
2020-05-13,37.06695898980279,-118.22390586065478,0.29354838709677417
2020-05-13,37.06695898980279,-118.22345670301272,0.2613240418118467
2020-05-13,37.06695898980279,-118.22300754537066,0.2517985611510791
2020-05-13,37.06695898980279,-118.2225583877286,0.3064516129032258
2020-05-13,37.06695898980279,-118.22210923008656,0.3173913043478261
2020-05-13,37.06695898980279,-118.22166007244448,0.27017543859649124
2020-05-13,37.06695898980279,-118.22121091480244,0.28125
2020-05-13,37.06695898980279,-118.22076175716036,0.3003003003003003
2020-05-13,37.06695898980279,-118.22031259951832,0.3655913978494624
2020-05-13,37.06695898980279,-118.21986344187624,0.3560606060606061
2020-05-13,37.06695898980279,-118.2194142842342,0.2746478873239437
2020-05-13,37.06695898980279,-118.21896512659212,0.2708333333333333
2020-05-13,37.06695898980279,-118.21851596895006,0.33204633204633205
2020-05-13,37.06695898980279,-118.218066811308,0.3122923588039867
2020-05-13,37.06695898980279,-118.21761765366594,0.36971830985915494
2020-05-13,37.06695898980279,-118.21716849602387,0.3924914675767918
2020-05-13,37.06695898980279,-118.21671933838182,0.4340175953079179
2020-05-13,37.06695898980279,-118.21627018073976,0.72
2020-05-13,37.06695898980279,-118.2149227078136,1.4061371841155235
2020-05-13,37.06695898980279,-118.21447355017152,0.6026785714285714
2020-05-13,37.06740814744485,-118.23064322528568,1.581896551724138
2020-05-13,37.06740814744485,-118.23019406764362,0.610738255033557
2020-05-13,37.06740814744485,-118.22974491000156,0.38738738738738737
2020-05-13,37.06740814744485,-118.2292957523595,0.332378223495702
2020-05-13,37.06740814744485,-118.22884659471744,0.34472934472934474
2020-05-13,37.06740814744485,-118.22839743707536,0.3522727272727273
2020-05-13,37.06740814744485,-118.22794827943332,0.5534246575342465
2020-05-13,37.06740814744485,-118.22749912179124,0.3735294117647059
2020-05-13,37.06740814744485,-118.2270499641492,0.5
2020-05-13,37.06740814744485,-118.22660080650714,0.5138888888888888
2020-05-13,37.06740814744485,-118.22615164886508,0.36036036036036034
2020-05-13,37.06740814744485,-118.22570249122302,0.33827893175074186
2020-05-13,37.06740814744485,-118.22525333358097,0.3166144200626959
2020-05-13,37.06740814744485,-118.2248041759389,0.2967741935483871
2020-05-13,37.06740814744485,-118.22435501829683,0.3087248322147651
2020-05-13,37.06740814744485,-118.22390586065478,0.30844155844155846
2020-05-13,37.06740814744485,-118.22345670301272,0.32234432234432236
2020-05-13,37.06740814744485,-118.22300754537066,0.31560283687943264
2020-05-13,37.06740814744485,-118.2225583877286,0.38823529411764707
2020-05-13,37.06740814744485,-118.22210923008656,0.5836298932384342
2020-05-13,37.06740814744485,-118.22166007244448,1.423529411764706
2020-05-13,37.06740814744485,-118.22121091480244,1.0701754385964912
2020-05-13,37.06740814744485,-118.22076175716036,1.4523449319213313
2020-05-13,37.06740814744485,-118.22031259951832,1.6519721577726219
2020-05-13,37.06740814744485,-118.21986344187624,1.4666666666666666
2020-05-13,37.06740814744485,-118.2194142842342,0.3956386292834891
2020-05-13,37.06740814744485,-118.21896512659212,0.3224852071005917
2020-05-13,37.06740814744485,-118.21851596895006,0.37425149700598803
2020-05-13,37.06740814744485,-118.218066811308,0.8264642082429501
2020-05-13,37.06740814744485,-118.21761765366594,1.2100139082058414
2020-05-13,37.06740814744485,-118.21716849602387,0.5471698113207547
2020-05-13,37.06740814744485,-118.21671933838182,1.4371205550737207
2020-05-13,37.06740814744485,-118.2149227078136,1.393661971830986
2020-05-13,37.0678573050869,-118.23064322528568,1.6464713715046604
2020-05-13,37.0678573050869,-118.23019406764362,1.0918803418803418
2020-05-13,37.0678573050869,-118.22974491000156,0.4174174174174174
2020-05-13,37.0678573050869,-118.2292957523595,0.42178770949720673
2020-05-13,37.0678573050869,-118.22884659471744,0.42779291553133514
2020-05-13,37.0678573050869,-118.22839743707536,0.38227146814404434
2020-05-13,37.0678573050869,-118.22794827943332,0.5857519788918206
2020-05-13,37.0678573050869,-118.22749912179124,0.55
2020-05-13,37.0678573050869,-118.2270499641492,1.5788888888888888
2020-05-13,37.0678573050869,-118.22660080650714,1.8792372881355932
2020-05-13,37.0678573050869,-118.22615164886508,1.0930232558139534
2020-05-13,37.0678573050869,-118.22570249122302,0.4837758112094395
2020-05-13,37.0678573050869,-118.22525333358097,1.0717391304347825
2020-05-13,37.0678573050869,-118.2248041759389,1.0855949895615866
2020-05-13,37.0678573050869,-118.22435501829683,0.38636363636363635
2020-05-13,37.0678573050869,-118.22390586065478,0.3384615384615385
2020-05-13,37.0678573050869,-118.22345670301272,0.3173076923076923
2020-05-13,37.0678573050869,-118.22300754537066,0.35135135135135137
2020-05-13,37.0678573050869,-118.2225583877286,0.5171232876712328
2020-05-13,37.0678573050869,-118.22210923008656,1.1379310344827587
2020-05-13,37.0678573050869,-118.22121091480244,1.557404326123128
2020-05-13,37.0678573050869,-118.22076175716036,1.5179750550256788
2020-05-13,37.0678573050869,-118.22031259951832,1.507267441860465
2020-05-13,37.0678573050869,-118.21986344187624,1.3286219081272084
2020-05-13,37.0678573050869,-118.2194142842342,1.0285714285714285
2020-05-13,37.0678573050869,-118.21896512659212,0.4057142857142857
2020-05-13,37.0678573050869,-118.21851596895006,0.5039370078740157
2020-05-13,37.0678573050869,-118.218066811308,1.4408688656476267
2020-05-13,37.0678573050869,-118.21761765366594,1.483754512635379
2020-05-13,37.06830646272897,-118.23064322528568,1.5497005988023953
2020-05-13,37.06830646272897,-118.23019406764362,1.5610651974288339
2020-05-13,37.06830646272897,-118.22974491000156,0.7225130890052356
2020-05-13,37.06830646272897,-118.22884659471744,1.4630541871921183
2020-05-13,37.06830646272897,-118.22839743707536,1.1408450704225352
2020-05-13,37.06830646272897,-118.22794827943332,0.9208333333333333
2020-05-13,37.06830646272897,-118.22749912179124,0.7166666666666667
2020-05-13,37.06830646272897,-118.22660080650714,1.5818568391211907
2020-05-13,37.06830646272897,-118.22615164886508,1.4865248226950354
2020-05-13,37.06830646272897,-118.22570249122302,1.4636174636174637
2020-05-13,37.06830646272897,-118.2248041759389,1.3422982885085575
2020-05-13,37.06830646272897,-118.22435501829683,0.46204620462046203
2020-05-13,37.06830646272897,-118.22390586065478,0.4243421052631579
2020-05-13,37.06830646272897,-118.22345670301272,0.3869047619047619
2020-05-13,37.06830646272897,-118.22300754537066,0.49363057324840764
2020-05-13,37.06830646272897,-118.2225583877286,1.1181959564541213
2020-05-13,37.06830646272897,-118.22166007244448,1.5007309941520468
2020-05-13,37.06830646272897,-118.22121091480244,1.495176848874598
2020-05-13,37.06830646272897,-118.22076175716036,1.586053412462908
2020-05-13,37.06830646272897,-118.22031259951832,1.487551867219917
2020-05-13,37.06830646272897,-118.21986344187624,1.4283810792804796
2020-05-13,37.06830646272897,-118.2194142842342,1.488086642599278
2020-05-13,37.06830646272897,-118.21896512659212,0.5802469135802469
2020-05-13,37.06830646272897,-118.21851596895006,1.1048850574712643
2020-05-13,37.06875562037103,-118.2248041759389,1.4987951807228916
2020-05-13,37.06875562037103,-118.22435501829683,1.513816280806572
2020-05-13,37.06875562037103,-118.22166007244448,1.3070489844683393
2020-05-13,37.06875562037103,-118.22121091480244,0.8657074340527577
2020-05-13,37.06875562037103,-118.22076175716036,1.2442645074224021
2020-05-13,37.06875562037103,-118.22031259951832,1.4804305283757337
2020-05-13,37.06875562037103,-118.21986344187624,1.4325637910085054
2020-05-13,37.06875562037103,-118.2194142842342,1.3127615062761506
2020-05-13,37.06875562037103,-118.21896512659212,0.44575471698113206
2020-05-13,37.06920477801309,-118.22166007244448,1.8261287223823246
2020-05-13,37.06920477801309,-118.22121091480244,1.6094827586206897
2020-05-13,37.06920477801309,-118.22076175716036,0.8219780219780219
2020-05-13,37.06920477801309,-118.22031259951832,1.0544090056285178
2020-05-13,37.06920477801309,-118.21986344187624,1.1968992248062016
2020-05-13,37.06920477801309,-118.2194142842342,1.0298507462686568
2020-05-13,37.06920477801309,-118.21896512659212,1.6631736526946108
2020-05-13,37.06920477801309,-118.21851596895006,1.7124824684431978
2020-05-13,37.06920477801309,-118.218066811308,1.6378205128205128
